,CPU,RAM,GPU,SSD,A,B,C,D,E,F,G,H,I,J,K,L,M,N,O,P,Q,R,S,T,U,V,W,X,Y,Z,target
0,2,7,4,2,2,2,7,9,8,4,8,4,6,1,8,0,0,4,9,0,5,6,5,7,2,3,7,7,9,7,0
1,5,5,7,0,7,9,6,3,2,2,7,1,8,7,6,4,3,5,0,1,1,9,0,7,5,6,8,3,1,8,0
2,0,9,8,9,1,1,8,7,9,5,1,3,1,5,3,4,0,6,7,1,3,4,8,8,4,2,0,4,4,5,0
3,6,0,9,5,2,3,3,7,8,3,5,0,0,6,9,6,8,2,7,0,6,5,3,1,6,4,0,9,4,5,0
4,1,6,3,9,4,8,1,7,9,0,4,1,9,6,6,1,0,8,9,6,8,0,2,4,9,2,1,9,5,8,0
5,5,8,1,5,9,3,0,2,5,8,4,5,8,3,4,9,4,7,5,2,3,5,4,0,0,2,9,5,9,8,0
6,3,7,1,8,5,9,1,8,4,9,7,2,5,2,3,1,0,7,1,5,7,0,8,2,5,8,0,6,1,6,0
7,1,4,7,0,6,3,5,5,5,2,6,8,1,4,4,9,5,6,2,6,4,4,6,1,7,5,0,6,7,6,0
8,3,3,5,4,2,3,3,8,8,0,4,4,1,4,3,3,4,6,9,1,2,0,3,9,9,3,4,6,1,0,0
9,6,8,4,5,6,1,3,2,0,3,3,0,7,7,7,8,4,4,4,1,6,8,5,8,5,6,7,8,3,1,0
10,5,0,5,1,8,9,9,2,9,6,9,0,3,5,7,9,8,1,5,5,5,1,0,2,4,3,3,7,8,5,0
11,6,0,7,3,6,4,0,5,1,4,9,2,5,8,6,3,8,3,5,9,7,2,7,4,3,7,1,4,0,0,0
12,7,7,0,0,5,3,5,6,2,8,9,4,6,3,2,8,3,0,5,6,2,1,2,2,5,0,1,4,9,5,0
13,1,8,0,2,9,3,6,5,3,0,6,2,5,9,1,7,3,2,2,7,8,5,4,6,0,1,5,8,2,7,0
14,4,6,2,3,0,8,3,6,9,1,1,9,8,0,3,6,6,2,3,0,7,1,2,6,6,1,3,8,3,7,0
15,1,0,4,0,5,1,6,2,3,1,5,2,0,0,9,8,1,6,9,3,3,7,0,3,8,1,2,9,5,3,0
16,7,1,0,1,2,3,9,0,8,9,2,3,1,0,6,9,8,3,5,4,6,8,8,3,8,8,9,8,6,7,0
17,1,4,2,4,6,8,2,8,5,1,0,0,9,2,5,4,2,8,6,5,4,2,4,4,0,2,2,2,0,0,0
18,1,0,4,5,3,2,3,0,7,5,8,8,2,5,8,9,3,9,3,9,4,8,8,6,2,1,7,0,5,2,0
19,5,9,6,4,2,4,8,2,1,6,5,7,4,8,8,7,4,8,7,5,7,9,3,9,6,5,0,3,3,2,0
20,6,7,7,3,9,2,9,4,3,9,8,0,9,4,4,0,0,8,5,6,1,5,5,6,0,8,7,6,2,2,0
21,7,9,5,4,6,9,7,4,3,7,3,1,9,1,9,8,4,2,4,2,6,0,7,9,7,1,6,7,9,1,0
22,4,6,9,6,1,1,2,0,0,8,4,7,5,7,1,0,7,0,6,5,7,0,6,4,4,5,8,5,6,6,0
23,7,6,4,7,9,7,6,5,1,1,2,5,4,8,4,9,6,4,7,4,8,7,9,4,3,4,0,3,1,0,0
24,5,4,0,0,6,5,5,9,7,0,6,7,5,0,3,3,5,0,0,3,7,8,8,3,5,8,2,2,3,4,0
25,1,4,2,5,9,7,0,2,4,7,4,2,2,9,2,9,5,3,9,0,7,3,3,8,2,2,1,3,9,2,0
26,9,0,1,7,9,4,4,0,5,0,0,1,6,9,5,8,5,9,0,9,8,4,7,0,4,8,5,2,7,8,0
27,6,4,4,7,4,5,9,2,5,7,0,2,1,5,7,3,3,5,0,9,6,7,6,2,7,5,2,7,3,3,0
28,8,3,1,7,2,3,9,9,1,9,0,6,0,2,4,2,8,7,6,5,9,4,7,7,9,3,8,1,3,4,0
29,1,8,5,0,1,1,1,9,6,8,2,2,3,2,2,4,3,6,8,8,2,7,7,7,3,0,2,6,6,0,0
30,2,4,1,9,0,1,6,6,5,9,3,6,2,5,9,0,3,0,5,7,4,5,4,4,7,4,0,2,7,3,0
31,3,1,8,4,9,5,8,7,4,0,0,4,7,1,5,1,4,9,7,6,3,5,3,7,3,3,1,7,7,1,0
32,4,4,0,2,6,2,0,8,5,3,5,8,9,1,6,7,0,2,8,6,0,0,1,7,2,9,5,0,1,3,0
33,2,1,0,9,8,0,8,3,6,2,9,2,5,7,3,2,4,7,1,7,1,0,9,3,3,4,2,4,0,1,0
34,4,9,4,5,8,7,5,0,7,3,6,5,7,6,9,6,2,8,1,2,7,0,8,2,7,3,6,1,1,8,0
35,5,4,8,0,2,0,9,0,2,3,9,6,3,1,5,0,2,8,2,0,7,2,1,6,0,3,3,8,0,9,0
36,4,7,5,3,0,9,4,0,4,1,3,7,5,7,3,0,4,7,8,6,2,2,5,4,1,3,6,2,8,2,0
37,9,6,5,0,1,5,1,6,4,7,0,1,7,2,7,9,0,0,2,3,9,8,1,1,7,8,7,1,8,2,0
38,4,7,5,4,4,3,1,4,8,6,7,6,1,2,1,5,1,4,8,1,9,8,7,1,5,2,8,6,1,4,0
39,0,0,9,5,9,5,9,0,1,3,2,5,8,6,4,2,6,0,2,1,8,4,7,4,9,5,1,1,2,5,0
40,4,7,2,5,6,8,1,3,9,8,3,8,1,7,3,8,8,6,9,7,7,6,8,7,9,7,2,2,9,7,0
41,3,7,5,6,6,9,1,4,9,7,8,2,6,6,8,1,7,6,5,5,2,9,6,1,2,3,3,0,4,7,0
42,2,9,6,8,3,3,6,0,0,4,6,6,8,3,0,0,5,3,3,4,6,2,9,5,6,2,4,7,3,5,0
43,0,9,2,4,7,0,7,0,3,4,1,9,5,9,8,2,0,4,5,5,9,9,6,6,2,1,6,9,8,0,0
44,9,9,7,7,7,8,6,7,3,2,2,0,7,9,0,3,3,7,6,4,4,4,7,7,5,9,3,1,1,1,1
45,9,3,1,7,7,8,4,6,2,8,8,9,7,0,8,4,6,2,7,9,9,6,8,5,0,0,0,8,5,0,0
46,3,3,9,1,4,5,3,0,2,6,2,8,7,8,3,1,3,9,2,0,6,7,3,0,0,4,5,1,6,9,0
47,4,0,2,3,1,0,2,4,2,1,0,8,8,6,4,0,1,8,7,5,3,4,8,4,2,9,0,9,0,6,0
48,7,5,1,9,1,1,3,8,2,7,0,9,9,9,1,5,8,2,5,0,9,8,8,5,7,8,3,3,3,9,0
49,0,6,7,8,4,8,0,5,5,4,8,1,2,3,3,4,1,6,6,1,5,6,2,3,9,8,5,4,0,1,0
50,3,9,7,2,6,7,4,6,6,6,7,2,0,3,7,3,0,0,9,4,0,6,3,8,6,9,0,0,1,0,0
51,3,1,7,6,6,7,4,0,1,6,9,3,8,7,6,3,1,2,5,6,6,2,4,2,9,0,3,1,4,7,0
52,3,7,1,9,5,2,3,7,6,4,3,2,8,6,8,1,1,3,9,6,0,8,7,7,2,9,1,5,2,8,0
53,2,9,9,6,9,2,2,7,6,2,9,3,1,4,9,7,3,7,7,5,4,4,3,8,4,3,2,6,9,3,0
54,7,9,8,6,0,4,5,1,3,4,9,5,5,1,8,1,3,3,0,3,9,2,9,9,5,4,4,8,1,6,0
55,7,2,8,9,6,8,3,6,7,4,6,1,6,9,7,1,9,8,7,6,9,2,9,4,9,8,7,7,1,8,0
56,3,8,5,6,7,2,5,8,8,5,4,0,7,5,8,2,3,2,6,5,2,0,3,8,8,7,8,6,6,3,0
57,4,7,1,4,5,8,2,5,7,2,1,6,9,5,4,1,6,2,2,8,2,1,2,0,7,0,3,8,7,5,0
58,1,3,3,1,4,3,9,1,5,4,9,1,8,5,1,3,3,2,0,0,0,1,0,6,8,1,6,9,7,7,0
59,7,6,3,1,6,2,3,8,7,0,3,5,5,6,7,4,2,9,5,2,4,4,3,0,0,4,6,1,3,7,0
60,6,5,5,1,9,0,0,2,7,9,8,8,9,7,5,6,1,8,0,6,6,0,8,3,2,5,9,3,3,2,0
61,4,4,5,5,7,3,6,4,3,8,6,5,0,1,1,7,7,8,2,2,7,5,9,7,4,6,6,5,5,6,0
62,4,8,2,5,2,3,5,2,2,1,3,4,4,8,8,9,4,5,7,7,3,5,0,2,6,5,5,4,9,3,0
63,8,7,3,1,9,4,9,6,4,1,4,7,7,4,4,6,3,8,1,4,3,3,6,0,5,0,7,5,8,0,0
64,9,0,4,5,7,0,3,5,4,6,6,8,4,7,9,2,3,6,7,6,8,8,9,5,3,3,1,6,5,1,0
65,5,4,4,6,9,4,7,5,6,5,5,1,2,2,7,0,6,1,8,1,1,7,8,0,4,6,2,5,1,1,0
66,9,2,0,4,1,9,0,9,2,5,9,4,9,0,6,7,2,6,0,7,7,8,0,3,7,7,1,9,6,3,0
67,8,3,3,3,0,8,5,0,0,2,9,9,1,2,1,5,4,0,4,6,5,8,5,4,0,8,3,4,6,3,0
68,0,5,2,8,7,3,9,4,1,8,5,9,2,3,9,5,1,3,7,3,7,9,9,1,8,5,5,2,2,9,0
69,1,1,7,2,2,1,2,1,9,0,4,7,9,6,9,4,2,3,7,5,9,1,5,4,5,8,1,5,2,3,0
70,0,7,3,6,3,0,0,6,3,8,9,4,5,3,2,3,9,7,2,7,8,5,3,2,5,0,8,0,3,2,0
71,2,2,2,6,0,3,7,2,0,9,7,1,3,7,8,2,2,3,3,8,7,0,1,7,2,2,0,3,2,1,0
72,4,3,7,8,3,0,2,5,8,7,1,5,3,8,2,0,0,7,3,3,9,7,3,5,4,6,6,1,0,7,0
73,9,3,1,1,4,3,2,2,7,3,9,2,4,0,1,4,2,2,0,2,2,6,9,8,1,3,1,2,8,6,0
74,3,1,9,0,9,1,6,8,4,3,9,9,8,5,3,1,1,7,2,1,9,0,0,0,0,5,2,6,9,3,0
75,0,5,3,1,3,7,5,0,5,3,1,7,7,9,5,5,2,3,4,7,8,6,7,6,7,4,2,8,6,6,0
76,9,2,8,6,3,4,5,6,9,8,4,0,4,8,8,8,8,1,9,3,4,6,9,5,0,2,4,5,1,4,0
77,1,3,8,9,6,6,1,2,8,9,6,0,0,3,7,0,4,8,8,5,3,6,0,9,9,2,7,5,0,2,0
78,3,5,7,3,7,4,4,9,1,3,9,1,4,7,1,8,3,2,1,6,3,3,2,1,8,0,6,2,7,6,0
79,6,0,4,2,7,3,0,2,5,0,4,1,1,1,1,9,1,7,8,1,3,0,3,3,4,5,6,9,2,8,0
80,2,2,2,3,6,8,9,0,9,7,0,1,4,6,0,9,5,1,6,6,0,9,9,0,5,0,3,4,0,6,0
81,9,7,0,0,4,0,2,3,7,1,5,8,7,3,1,1,2,5,7,3,4,1,4,8,7,9,0,9,3,6,0
82,4,5,0,3,7,1,2,7,1,9,5,6,2,6,5,8,4,8,1,5,3,0,0,2,9,0,2,4,4,4,0
83,8,4,9,5,2,7,9,7,6,7,6,2,1,7,9,7,9,8,0,2,3,4,4,1,7,3,8,1,5,2,0
84,0,6,4,5,4,9,6,8,5,9,4,3,8,8,3,3,5,1,3,8,5,2,5,6,4,9,5,7,0,3,0
85,9,2,6,3,0,0,0,8,9,4,7,3,3,6,3,7,2,6,5,8,5,2,2,2,3,6,3,8,5,8,0
86,3,8,8,4,4,7,2,2,7,4,9,1,0,1,6,1,3,5,4,3,8,4,8,2,9,2,0,8,1,5,0
87,3,5,7,2,7,3,9,8,9,6,3,7,3,1,2,4,1,0,8,7,5,0,4,5,5,6,4,3,2,5,0
88,1,5,7,8,2,6,3,1,0,1,9,4,7,1,1,2,4,8,7,2,9,0,4,2,9,8,3,3,9,0,0
89,2,5,2,3,5,4,1,7,0,3,7,3,3,2,3,6,6,1,1,9,7,0,2,9,5,9,2,0,5,9,0
90,1,2,3,4,9,3,3,2,1,2,5,6,4,3,1,5,8,9,4,1,1,1,5,9,7,1,8,1,9,5,0
91,5,1,5,9,4,0,5,6,9,6,8,7,8,6,6,0,2,3,9,2,3,2,8,2,9,9,3,5,0,5,0
92,1,9,9,9,1,1,0,6,2,5,4,3,6,6,2,8,9,9,9,1,1,2,3,5,8,8,2,4,1,3,0
93,9,5,3,5,0,0,3,3,9,4,7,1,0,1,9,1,9,5,9,0,8,0,8,2,9,4,6,8,4,6,0
94,2,4,2,9,2,2,2,9,8,2,9,2,4,9,3,9,5,9,9,8,3,6,4,8,1,9,8,7,4,4,0
95,4,5,4,4,8,6,7,2,2,3,7,5,9,4,1,1,0,4,8,9,0,9,9,1,3,2,8,1,2,9,0
96,3,9,3,4,4,4,3,0,9,0,2,4,6,9,7,4,9,5,2,3,1,3,9,2,4,2,8,5,1,9,0
97,4,2,1,6,4,4,3,8,6,7,2,6,2,4,7,3,4,7,7,1,9,2,1,4,9,8,2,7,8,8,0
98,2,7,9,3,1,4,7,3,6,1,3,5,8,2,9,1,6,9,7,5,9,5,8,0,3,9,4,1,2,2,0
99,7,7,0,9,2,4,6,0,4,4,9,8,4,5,6,9,4,1,7,0,2,9,2,1,7,8,2,8,2,1,0
100,6,0,0,0,3,4,2,8,6,5,4,2,1,5,1,4,2,3,8,9,8,1,5,5,8,0,6,4,7,1,0
101,2,6,9,5,6,6,0,9,4,4,5,5,8,0,2,4,3,1,2,6,7,6,0,9,7,1,7,2,6,4,0
102,1,3,6,8,9,4,3,9,2,2,3,1,5,0,6,4,2,6,6,4,6,3,0,1,4,6,9,9,2,2,0
103,5,7,6,6,9,6,1,9,3,9,4,5,2,6,8,8,1,8,7,3,7,2,4,0,8,5,2,5,6,1,0
104,7,4,2,2,7,5,7,8,2,3,4,6,3,7,9,6,8,1,6,8,9,3,5,6,6,6,4,7,2,8,0
105,4,6,7,2,3,7,0,8,6,3,4,1,7,1,3,5,2,0,9,5,4,1,1,3,2,6,0,6,8,1,0
106,4,2,0,8,9,3,0,3,1,4,1,0,1,8,2,9,6,4,3,5,9,2,5,8,6,9,2,2,1,1,0
107,2,0,0,0,1,4,5,2,3,2,1,7,9,9,3,6,0,9,3,0,0,2,6,2,6,7,5,3,7,0,0
108,4,9,4,2,9,2,4,9,0,0,0,7,4,2,5,8,4,8,8,6,8,0,9,4,8,5,4,8,5,2,0
109,9,1,1,8,2,3,0,2,1,7,2,2,5,6,1,5,0,6,7,8,6,0,5,0,6,4,1,6,3,7,0
110,1,4,0,5,9,5,7,7,6,8,4,9,3,1,2,3,4,7,5,8,7,4,4,3,4,0,7,4,5,4,0
111,7,1,3,3,7,1,5,9,9,3,1,2,8,2,0,3,3,8,1,3,2,6,6,7,9,0,8,1,0,0,0
112,4,5,9,0,8,7,7,3,7,0,9,8,8,5,9,6,7,2,2,5,3,9,1,3,2,4,3,1,8,2,0
113,2,8,6,8,9,7,3,3,0,2,2,7,6,3,9,8,6,9,5,1,6,7,7,8,3,9,8,6,2,3,0
114,1,1,1,6,1,0,1,3,1,8,6,3,6,7,4,7,3,7,8,1,7,2,2,6,7,7,0,5,0,0,0
115,9,7,1,7,9,3,1,0,5,1,3,3,4,3,9,2,8,8,2,6,8,0,5,6,7,9,4,3,3,0,0
116,1,3,6,3,0,4,1,6,2,7,8,9,0,3,5,6,4,3,7,2,2,7,1,6,3,0,5,2,3,0,0
117,9,9,1,6,5,4,1,5,0,2,8,6,9,1,2,2,4,6,7,7,4,9,8,4,1,2,4,4,8,6,0
118,8,8,7,7,2,3,8,2,6,1,1,0,7,7,3,8,8,0,0,3,9,0,8,9,4,4,4,1,0,5,1
119,0,0,9,5,2,9,1,5,1,1,3,2,2,9,8,3,7,8,8,1,7,2,0,2,5,9,7,7,9,6,0
120,1,9,0,7,6,5,7,1,7,5,4,0,2,9,8,3,6,7,8,2,4,8,1,0,6,7,1,0,2,1,0
121,1,4,7,4,4,9,8,6,4,4,3,8,4,6,5,7,7,9,4,4,2,4,1,9,4,7,3,9,8,9,0
122,6,6,1,0,5,4,7,5,7,8,5,6,0,3,7,3,1,6,7,1,3,5,2,8,9,9,2,1,7,2,0
123,3,8,6,4,8,4,9,3,4,6,2,5,5,2,7,0,4,1,6,6,8,6,0,0,5,6,0,7,4,9,0
124,0,5,5,2,2,5,2,0,9,4,3,1,9,9,0,0,7,0,2,3,1,9,1,8,4,2,0,8,9,0,0
125,3,7,9,7,8,1,4,6,8,3,6,4,6,7,0,6,5,7,7,3,8,5,7,2,3,6,4,9,0,1,0
126,3,7,9,7,3,2,7,2,3,9,2,0,7,8,2,1,5,5,3,0,1,5,0,2,6,9,6,0,4,3,0
127,4,2,7,4,8,5,8,4,3,5,1,0,1,3,5,4,1,8,8,8,8,3,6,2,0,0,6,9,4,4,0
128,4,0,6,7,2,2,1,3,5,3,5,7,4,5,3,7,8,6,6,7,6,1,5,8,4,1,3,3,8,8,0
129,4,6,9,8,5,8,8,5,8,7,0,2,1,9,0,3,1,5,2,9,0,4,9,3,4,4,4,3,7,8,0
130,6,2,8,8,1,6,5,5,4,3,3,5,3,5,6,6,0,8,7,9,1,2,9,9,2,4,5,3,4,1,0
131,1,6,8,7,7,0,7,2,5,6,1,6,6,9,6,2,3,5,9,0,0,1,5,9,0,4,8,4,5,7,0
132,1,8,2,7,3,1,0,7,9,0,6,4,8,5,6,3,6,0,5,8,0,6,9,1,6,8,6,4,7,5,0
133,6,9,0,7,0,7,1,3,3,1,6,6,2,8,0,4,6,0,7,9,0,0,8,5,9,5,3,6,3,2,0
134,4,7,4,3,9,6,6,9,0,1,1,3,0,0,7,7,2,5,1,8,3,7,4,9,0,9,0,1,3,0,0
135,3,8,5,8,3,1,0,5,0,2,7,6,7,8,3,4,9,7,3,2,8,9,1,5,8,3,3,4,1,5,0
136,6,0,1,8,4,7,0,2,1,4,3,5,5,5,4,8,9,5,5,3,0,2,7,9,6,8,2,3,7,2,0
137,6,9,2,2,0,5,5,2,5,7,2,9,8,7,0,0,1,8,6,4,0,4,2,7,0,4,2,2,4,8,0
138,3,8,6,7,5,4,5,2,2,4,6,5,7,3,2,0,7,2,8,4,7,2,9,0,8,2,8,6,8,3,0
139,4,4,2,6,6,5,7,1,9,8,5,2,3,8,7,5,5,4,7,6,3,1,5,1,4,5,0,6,7,5,0
140,9,1,9,0,1,8,7,1,6,3,6,2,1,2,2,1,9,1,9,6,7,4,2,7,9,0,1,5,5,2,0
141,6,5,8,1,7,5,7,1,9,7,3,3,2,4,1,7,9,1,6,2,2,0,1,7,9,3,7,4,3,0,0
142,7,1,3,9,3,5,6,0,3,9,2,9,8,4,9,8,1,2,3,3,5,0,1,7,7,8,4,7,3,2,0
143,9,1,8,4,0,6,0,0,1,7,6,9,3,1,4,7,2,7,1,4,3,9,2,3,9,8,2,0,3,6,0
144,4,2,8,2,1,6,8,7,3,5,4,2,0,4,6,1,9,4,8,7,7,9,2,4,0,1,5,6,5,8,0
145,6,7,6,4,2,3,7,0,3,6,9,4,5,0,7,6,5,5,1,6,2,0,4,2,2,3,4,4,3,6,0
146,2,4,9,8,4,0,5,3,2,2,0,1,5,9,8,0,3,8,3,3,5,4,5,7,7,4,0,6,4,3,0
147,6,2,0,3,0,7,7,8,3,4,1,3,8,0,1,0,9,7,7,4,7,6,1,4,9,1,6,1,9,4,0
148,8,4,9,5,0,8,9,6,1,7,0,6,4,2,1,2,1,9,1,4,0,4,8,7,1,0,4,7,4,7,0
149,7,6,6,2,5,3,1,6,9,5,0,0,0,1,2,3,7,3,9,0,2,8,6,0,4,9,8,3,2,0,0
150,2,7,5,6,1,3,0,9,4,4,5,0,1,8,1,9,6,4,7,8,5,8,5,8,6,7,1,3,8,9,0
151,4,2,6,2,4,5,7,7,5,8,0,2,6,9,8,7,5,9,2,4,9,4,8,1,2,0,8,7,8,1,0
152,4,1,8,7,6,5,2,1,5,2,5,7,5,0,9,8,3,4,9,1,6,5,3,3,1,9,8,6,0,2,0
153,6,4,7,6,9,8,2,7,9,4,2,8,4,5,7,1,6,3,1,1,5,4,3,7,1,1,0,6,5,0,0
154,3,3,5,9,6,5,4,9,8,9,1,3,9,3,9,0,0,2,0,0,9,9,4,4,5,5,7,3,8,3,0
155,2,5,8,6,0,7,4,2,3,2,2,7,6,1,7,9,9,8,3,1,1,5,3,5,1,2,5,3,4,8,0
156,7,1,2,3,5,0,6,8,4,0,8,2,1,9,4,5,3,3,1,5,6,0,8,3,0,2,1,0,5,0,0
157,0,4,3,4,3,5,5,8,5,6,7,8,3,2,0,5,3,6,1,9,7,6,1,5,9,0,6,4,3,6,0
158,1,1,5,2,3,1,0,0,4,9,2,4,7,7,7,4,3,9,5,6,6,7,2,5,1,9,0,6,1,6,0
159,6,1,4,9,4,3,1,2,8,2,1,8,9,2,3,8,8,5,1,2,2,4,6,3,0,6,6,5,0,7,0
160,2,3,8,2,9,2,9,6,0,8,1,7,0,7,9,0,9,0,8,9,7,8,7,2,8,5,8,5,0,2,0
161,1,2,3,3,4,4,5,7,7,3,7,3,7,2,0,1,2,4,6,8,3,3,4,2,1,4,4,3,5,6,0
162,5,2,8,3,5,4,9,1,1,1,2,7,6,2,4,5,0,8,2,6,4,1,1,2,4,0,6,8,3,0,0
163,1,5,0,8,7,1,1,9,9,1,1,6,2,9,4,2,1,5,6,3,4,1,2,1,6,7,9,1,0,4,0
164,5,9,3,6,3,5,0,8,5,3,3,0,8,4,8,2,2,3,1,2,0,7,0,5,4,7,2,1,4,2,0
165,7,8,9,9,1,4,6,2,8,0,8,6,5,0,4,9,5,1,9,3,0,9,3,8,4,9,9,8,5,0,1
166,8,0,9,8,5,0,6,1,5,4,7,0,6,8,2,7,8,5,2,7,6,6,2,9,7,6,6,3,0,5,0
167,6,4,6,1,8,4,9,6,5,7,7,2,2,2,4,2,2,5,9,0,2,2,6,1,7,9,5,9,8,6,0
168,8,7,6,1,6,0,4,3,0,1,9,8,4,2,0,9,9,9,2,7,3,2,7,8,7,2,9,5,4,1,0
169,4,1,8,3,7,6,9,1,4,7,7,4,1,0,6,2,4,7,9,3,5,7,7,5,5,3,8,4,5,4,0
170,0,6,7,2,9,2,7,6,6,4,0,5,6,1,4,4,4,8,8,9,7,0,9,8,2,5,7,9,5,5,0
171,0,0,6,1,0,2,6,8,1,0,9,3,6,1,9,1,1,6,8,3,4,5,4,6,4,3,2,7,9,3,0
172,5,6,8,6,2,5,2,9,6,7,8,8,8,1,2,7,4,9,5,0,3,3,6,6,8,5,5,0,6,0,0
173,8,3,8,5,6,8,5,3,8,0,7,6,4,1,4,1,8,1,5,0,2,2,1,0,6,2,7,9,8,0,0
174,4,9,3,3,4,1,4,4,1,4,4,2,6,4,6,6,3,5,1,0,9,8,8,2,7,7,9,4,8,2,0
175,4,9,8,0,1,3,6,8,3,6,0,2,0,2,5,5,7,5,5,4,2,6,3,0,2,7,0,5,0,9,0
176,4,8,4,2,3,4,6,6,5,5,1,3,0,9,4,6,2,5,6,0,6,0,2,0,3,7,3,1,4,1,0
177,1,4,5,2,0,7,2,1,7,7,7,0,2,3,3,1,0,1,4,4,5,6,2,6,4,3,2,8,7,7,0
178,3,5,9,3,8,0,5,6,0,9,3,5,7,7,0,8,5,1,9,3,6,7,0,2,4,2,6,4,7,9,0
179,9,4,3,9,9,4,7,5,5,7,3,2,6,8,7,7,1,4,2,8,6,6,7,5,4,6,7,8,1,7,0
180,9,5,5,6,7,4,0,8,9,2,7,1,0,9,7,4,5,3,2,8,2,0,3,6,4,1,4,9,4,0,0
181,4,6,4,5,4,5,2,6,2,4,2,6,6,8,7,8,3,0,4,6,9,6,0,4,5,3,9,2,0,6,0
182,4,7,0,2,6,4,1,0,4,1,9,6,0,9,3,2,0,7,3,8,6,6,2,0,9,4,4,5,4,9,0
183,3,9,2,1,2,2,8,6,9,7,7,5,4,7,0,2,5,7,3,6,9,7,2,9,7,1,3,2,6,7,0
184,5,1,6,2,6,0,2,6,9,9,3,8,0,3,3,3,4,0,0,4,8,5,2,6,5,9,2,6,2,8,0
185,9,5,2,2,1,1,1,5,9,8,8,6,0,2,4,3,0,7,9,9,3,1,2,7,3,8,0,8,0,0,0
186,6,7,5,4,1,4,4,6,8,6,6,0,2,8,9,6,8,3,8,8,1,3,5,9,1,8,5,3,0,9,0
187,7,2,7,3,3,0,1,8,1,7,2,8,1,5,9,7,3,8,5,2,7,3,7,1,6,0,7,8,1,5,0
188,3,6,5,7,1,4,0,9,7,0,1,8,7,7,2,1,4,7,9,4,4,2,2,2,7,5,7,9,5,5,0
189,9,0,1,3,4,5,9,4,8,8,6,2,8,1,0,2,6,6,3,8,3,6,6,4,3,2,4,5,4,3,0
190,3,6,0,3,7,5,8,0,2,7,5,7,5,1,9,9,7,5,4,4,1,8,1,7,4,2,6,6,2,2,0
191,9,5,4,9,3,9,6,7,9,0,7,3,5,6,8,3,8,3,7,1,5,6,4,5,0,5,3,8,5,3,0
192,7,3,0,3,0,2,6,0,4,2,7,4,0,9,7,5,0,8,2,5,6,2,4,0,8,4,3,1,8,3,0
193,6,6,8,7,6,5,8,7,5,3,6,2,4,1,1,3,5,9,2,9,4,1,6,5,7,1,1,5,7,5,0
194,6,4,5,7,1,1,8,5,4,0,8,2,7,8,3,0,2,5,2,6,4,1,3,0,3,7,1,3,0,2,0
195,3,1,9,1,1,1,6,3,4,7,2,5,6,9,3,0,9,4,1,8,4,5,6,7,1,2,1,1,1,6,0
196,3,2,8,2,1,2,4,7,9,3,5,8,4,8,2,6,3,0,6,9,0,9,4,4,1,7,1,9,4,6,0
197,1,3,5,6,2,1,3,2,8,8,5,2,0,0,0,2,8,6,0,2,9,6,1,9,9,6,7,0,8,6,0
198,1,7,3,6,9,3,9,1,8,6,3,5,9,7,8,1,0,3,1,0,0,4,4,0,1,8,0,6,2,1,0
199,8,1,0,5,6,8,9,4,7,5,9,6,2,5,3,3,5,8,3,9,4,0,8,3,5,5,3,9,9,5,0
200,4,2,5,8,3,4,6,7,3,7,5,1,5,5,5,7,7,8,1,9,2,4,2,2,0,6,5,8,8,9,0
201,1,3,3,7,4,6,1,9,5,8,4,1,7,8,7,1,8,7,3,1,8,9,2,9,1,6,1,5,1,7,0
202,2,0,0,1,8,4,4,5,7,2,9,5,3,3,2,1,6,5,1,3,1,9,3,7,7,9,4,7,3,3,0
203,1,2,6,5,3,8,3,7,2,7,6,5,8,6,1,9,8,9,0,3,4,0,2,7,5,3,4,6,3,5,0
204,9,2,7,5,0,8,1,5,1,9,7,5,5,1,5,6,0,6,4,6,9,0,9,4,2,5,6,3,4,9,0
205,9,1,3,5,0,4,7,7,3,1,6,0,8,4,9,0,0,6,3,6,3,8,6,4,0,2,8,5,5,4,0
206,7,4,1,6,4,4,7,3,1,0,0,6,4,8,7,2,3,8,5,2,3,1,8,9,4,9,1,9,9,0,0
207,3,6,8,1,3,8,7,5,2,5,8,0,3,6,3,8,4,0,4,3,4,7,3,9,5,3,7,2,4,0,0
208,3,2,6,9,0,4,7,1,9,7,7,3,2,1,8,5,9,9,2,6,8,3,6,9,5,7,7,7,8,0,0
209,3,9,2,6,3,0,0,5,6,8,0,8,7,8,5,0,6,9,3,5,3,2,9,8,7,5,5,2,0,2,0
210,0,5,8,1,4,5,1,2,7,6,3,0,7,5,3,8,0,5,8,8,0,7,5,8,8,8,0,9,5,7,0
211,9,5,7,5,0,7,5,0,2,5,2,4,7,8,6,8,5,6,3,2,9,6,0,7,2,5,7,7,0,6,0
212,2,6,7,1,6,3,9,6,0,4,0,1,5,6,7,6,1,3,3,0,3,0,9,8,1,8,4,4,0,9,0
213,4,8,7,0,1,4,6,4,4,4,1,5,8,7,3,9,0,7,6,4,0,5,7,4,6,8,1,0,9,3,0
214,2,0,2,6,2,5,2,0,4,8,6,6,6,0,0,0,2,9,3,3,0,4,7,0,5,1,5,8,0,4,0
215,2,5,3,3,9,9,6,4,0,8,3,0,7,1,0,1,7,1,7,9,8,2,4,3,0,2,5,5,2,6,0
216,3,1,2,1,3,7,1,6,6,9,3,9,2,9,6,6,7,5,0,7,8,8,4,2,8,4,5,3,6,4,0
217,4,2,9,4,5,9,0,2,7,4,5,6,2,2,9,7,6,2,4,9,8,3,7,8,2,2,4,1,3,3,0
218,2,5,3,5,7,4,7,9,1,7,6,3,9,1,9,7,2,7,2,9,3,9,1,8,9,6,5,9,5,3,0
219,6,2,5,4,0,7,7,7,6,0,2,5,5,1,2,6,9,9,9,4,6,4,7,7,4,7,5,3,2,3,0
220,5,0,0,0,7,8,5,6,2,0,6,6,8,7,5,5,7,7,4,4,2,2,9,8,6,9,4,1,1,1,0
221,7,0,1,3,7,0,0,3,1,7,2,2,6,7,5,4,7,0,8,5,5,2,7,3,0,8,4,2,2,0,0
222,4,2,4,3,5,5,3,1,4,9,8,1,0,1,4,1,0,1,9,9,6,4,2,2,6,6,6,5,6,1,0
223,1,9,0,6,6,1,4,2,9,3,0,2,9,6,3,3,0,5,5,1,0,8,4,1,7,6,0,4,0,2,0
224,7,2,6,9,2,3,7,2,4,9,1,2,7,7,4,6,2,0,1,1,7,1,6,7,4,6,9,6,5,2,0
225,4,7,2,2,8,5,8,8,2,9,1,4,7,1,0,8,8,4,6,4,3,9,2,6,4,3,9,0,3,0,0
226,2,4,7,7,5,5,3,7,0,1,7,3,0,2,6,0,0,4,9,7,6,4,2,3,6,0,3,8,8,6,0
227,7,2,7,3,7,1,1,7,7,1,9,9,7,7,0,0,3,5,8,0,4,5,2,4,4,5,2,1,0,5,0
228,3,9,8,0,1,6,4,4,4,7,1,8,0,9,6,3,1,9,3,8,0,2,4,0,5,1,1,2,2,6,0
229,8,9,4,2,0,5,4,4,2,6,2,9,1,4,7,0,3,4,9,1,8,6,7,6,6,0,4,8,3,2,0
230,5,9,7,3,9,3,4,8,3,8,5,8,7,8,6,4,6,9,9,0,4,7,8,5,1,5,8,0,1,2,0
231,6,4,5,4,5,8,5,6,9,3,5,4,3,8,2,3,8,2,9,5,3,5,2,0,2,4,5,3,5,2,0
232,7,8,6,0,2,3,3,1,1,4,3,3,1,5,8,1,3,2,3,7,1,9,6,6,6,2,0,4,5,0,0
233,8,8,1,8,5,0,5,5,8,2,8,3,8,3,7,1,6,6,0,6,8,6,6,8,1,3,0,5,9,1,0
234,7,7,3,1,8,9,2,1,1,3,0,8,5,3,9,8,1,5,5,3,1,8,6,1,0,4,1,2,5,2,0
235,7,9,4,5,2,2,6,9,5,8,6,1,6,4,0,0,0,5,3,2,7,6,6,6,1,8,4,1,8,5,0
236,0,0,9,6,1,8,3,1,2,0,4,4,1,0,7,9,2,3,5,0,7,8,9,5,7,6,2,3,5,7,0
237,6,6,8,4,1,7,7,1,6,6,7,8,7,4,2,8,3,6,7,3,9,3,4,5,6,4,0,7,9,8,0
238,3,4,0,5,4,8,6,2,0,4,7,2,3,7,7,3,6,7,7,0,6,2,9,3,4,9,3,7,3,6,0
239,8,1,3,1,9,7,8,1,9,7,8,2,2,9,7,1,4,2,3,0,9,0,1,4,4,6,3,4,6,6,0
240,1,3,8,3,3,3,8,4,2,5,7,2,6,6,9,6,6,9,8,3,4,7,2,1,3,1,3,7,7,8,0
241,3,9,0,5,0,4,0,1,8,2,4,0,6,3,5,0,0,2,3,7,4,2,8,3,3,8,8,2,5,3,0
242,4,2,8,1,4,2,4,8,4,7,4,7,7,7,3,7,8,5,5,5,0,1,9,9,8,1,6,6,4,0,0
243,8,8,3,1,4,3,8,8,9,8,6,1,3,3,7,7,8,8,6,4,5,3,8,6,1,3,5,4,0,3,0
244,3,5,1,5,9,7,9,1,1,6,1,9,1,8,9,9,5,4,1,7,2,0,8,5,7,7,9,6,7,3,0
245,8,3,7,0,6,6,9,5,1,5,8,0,7,8,7,8,9,7,1,5,0,1,0,6,8,6,7,0,7,8,0
246,3,5,7,9,4,7,2,8,6,8,3,6,3,8,0,1,1,8,8,7,6,1,3,6,8,1,9,4,3,5,0
247,2,8,0,3,5,6,4,3,1,3,6,7,1,4,3,0,4,3,9,2,7,4,0,5,5,6,1,3,9,5,0
248,4,3,6,0,9,0,5,3,4,1,7,1,9,8,8,0,7,5,9,7,0,8,3,0,3,7,8,2,6,4,0
249,8,7,5,1,1,4,3,4,0,8,6,0,1,5,6,4,5,8,7,2,0,9,0,1,7,3,4,7,4,3,0
250,1,0,7,1,0,3,4,9,5,3,8,9,9,2,7,0,1,5,2,2,5,1,8,1,1,7,7,6,2,8,0
251,5,3,5,8,0,6,0,1,8,3,5,9,9,0,6,6,4,6,3,8,7,9,3,0,2,6,5,4,7,5,0
252,8,0,8,3,8,2,5,6,6,7,9,8,8,4,7,8,6,4,4,1,3,7,5,4,1,6,9,9,2,0,0
253,1,9,5,4,3,5,7,4,5,8,4,4,2,0,0,1,2,4,5,9,8,8,1,1,3,0,4,9,7,6,0
254,1,2,3,8,4,5,9,3,1,2,1,6,0,2,6,9,5,2,5,9,2,0,5,5,1,9,3,0,8,4,0
255,9,2,3,0,8,1,0,2,7,8,5,1,5,7,4,3,3,2,9,0,8,4,9,1,3,6,3,9,5,1,0
256,7,1,1,5,9,5,3,7,2,2,0,5,9,4,4,5,2,0,6,6,3,2,9,0,9,7,6,1,5,0,0
257,6,9,3,3,4,6,7,1,9,1,6,1,4,3,7,5,7,2,4,8,7,0,3,9,8,1,5,4,5,7,0
258,6,3,5,0,1,1,2,0,2,7,9,6,9,1,2,3,1,1,7,8,3,8,8,6,2,1,8,7,6,3,0
259,2,2,9,5,5,0,7,1,4,1,1,1,1,5,7,8,9,2,5,7,4,9,8,7,1,2,6,1,2,3,0
260,2,7,3,3,1,0,5,2,8,5,9,7,7,4,7,3,8,1,9,7,3,0,6,1,7,7,5,8,9,6,0
261,1,6,8,7,9,8,6,1,3,3,1,3,7,7,1,6,8,4,7,2,4,7,1,6,2,6,2,9,1,3,0
262,4,3,6,7,1,3,1,0,7,4,8,5,5,1,7,7,2,2,8,8,1,7,7,0,3,2,9,3,2,1,0
263,1,7,5,1,3,8,1,8,7,0,3,2,7,4,5,5,2,6,2,2,1,1,6,0,6,8,5,1,7,7,0
264,2,6,6,7,8,2,2,6,4,3,1,3,2,8,4,9,6,3,3,3,1,8,3,4,2,0,3,6,4,0,0
265,4,7,2,9,5,0,9,4,4,2,7,2,5,1,5,0,4,1,4,4,5,3,1,9,3,5,2,2,6,9,0
266,8,3,1,0,9,5,9,4,3,4,1,8,7,1,1,1,2,4,4,4,4,2,7,9,0,7,5,0,0,2,0
267,0,1,2,1,5,4,5,0,3,4,9,8,4,3,1,8,4,8,5,9,8,3,5,4,9,0,0,5,1,1,0
268,7,7,6,8,8,7,9,6,1,9,7,9,8,2,1,9,6,4,6,4,4,4,0,1,2,8,9,4,1,6,0
269,1,1,1,8,2,2,0,3,5,5,0,9,5,5,0,3,7,0,4,0,8,2,2,8,9,6,8,4,7,1,0
270,0,6,2,4,3,1,9,1,1,9,5,7,9,4,2,2,6,9,0,6,0,2,1,1,1,4,7,9,3,3,0
271,5,3,1,4,7,7,1,7,1,3,6,9,0,0,4,2,6,5,2,7,1,8,1,5,4,3,5,3,1,2,0
272,2,3,9,3,5,4,7,5,7,8,4,8,4,0,9,6,5,6,4,2,7,7,1,0,2,1,5,6,3,6,0
273,9,3,5,9,9,4,3,8,4,5,2,0,8,8,3,7,4,0,0,8,0,4,3,0,7,9,7,8,5,2,0
274,1,6,2,6,6,7,6,4,4,2,5,4,7,3,7,4,2,5,9,5,8,3,9,4,1,5,4,7,8,6,0
275,5,6,1,1,6,3,0,7,0,1,1,6,1,1,4,2,2,4,3,8,3,4,1,7,0,2,8,8,2,6,0
276,4,1,2,4,5,6,1,9,6,2,4,1,7,5,4,5,7,3,9,1,9,9,4,2,2,4,7,5,5,1,0
277,2,7,8,6,2,6,9,5,8,2,9,2,2,1,0,2,5,9,5,4,0,1,9,4,0,2,0,0,8,6,0
278,5,8,8,4,0,8,2,0,1,6,7,3,9,2,0,7,0,8,3,5,7,1,4,8,6,2,5,8,9,6,0
279,7,3,6,3,5,2,8,8,8,4,9,8,0,7,4,4,5,8,3,0,6,4,7,3,7,0,8,4,8,3,0
280,2,9,2,4,7,3,7,3,7,7,6,6,8,0,2,5,4,1,4,4,9,0,3,8,4,6,2,7,2,4,0
281,4,3,4,3,3,7,6,8,1,7,1,0,6,0,8,0,6,1,9,4,2,5,5,0,3,1,9,3,0,4,0
282,4,3,7,2,0,4,6,2,1,0,6,4,4,7,6,6,5,6,0,5,1,8,1,1,9,1,8,2,9,4,0
283,4,2,8,2,6,1,2,3,2,8,8,0,2,6,3,5,0,8,1,0,6,9,0,8,4,5,7,3,9,3,0
284,5,6,6,7,6,0,6,4,4,6,3,2,1,9,4,2,8,4,5,9,1,4,3,7,5,4,0,6,0,0,0
285,1,2,8,5,2,6,6,2,7,1,5,2,3,1,0,7,9,5,7,4,6,0,3,0,8,5,2,3,6,6,0
286,6,5,5,9,2,5,0,8,3,3,7,5,5,1,0,5,0,4,9,2,3,0,7,8,4,7,7,7,9,6,0
287,6,8,6,2,5,9,9,8,2,1,9,6,6,5,8,7,4,8,6,6,9,3,7,1,7,5,0,1,3,7,0
288,4,0,3,2,1,6,0,8,7,8,3,6,7,8,1,4,1,6,9,7,4,5,5,8,9,7,7,0,5,8,0
289,3,5,1,7,4,3,1,1,2,2,4,4,8,8,5,3,7,9,3,7,1,3,6,3,4,0,5,2,8,3,0
290,6,6,9,6,8,6,0,4,8,6,4,0,9,1,5,1,5,6,7,2,0,5,1,4,0,8,8,9,4,7,0
291,8,4,9,0,5,8,5,4,7,7,9,8,5,6,0,3,7,7,6,2,6,2,5,2,5,5,9,8,0,8,0
292,5,8,9,3,6,1,4,8,2,4,9,6,4,2,1,5,5,5,9,8,7,5,5,0,4,9,9,6,9,3,0
293,6,3,9,6,1,1,5,0,8,1,7,9,2,3,1,0,3,4,4,5,1,3,5,6,6,7,3,0,1,6,0
294,6,7,5,4,9,8,6,3,4,5,5,1,8,4,8,6,1,0,7,2,8,0,1,2,6,1,7,9,6,4,0
295,7,9,9,0,9,2,8,0,8,9,1,5,7,6,8,6,8,9,1,2,4,4,2,1,7,6,2,6,5,0,0
296,0,4,4,1,6,3,2,0,5,0,4,0,3,0,3,4,0,2,6,3,0,4,4,3,0,0,4,5,9,6,0
297,8,8,5,0,9,7,4,2,7,7,2,2,7,2,1,2,3,2,1,2,8,0,9,4,0,2,4,9,2,9,0
298,4,7,7,1,9,9,7,2,7,6,4,9,0,7,0,2,3,0,7,6,6,7,3,4,0,6,5,7,6,5,0
299,2,4,9,8,2,2,5,7,9,5,3,3,5,1,5,1,8,8,4,0,3,2,3,5,8,0,3,8,2,6,0
300,8,7,1,1,7,7,1,1,6,9,9,5,3,0,3,6,5,2,3,3,7,7,9,7,0,2,9,4,5,5,0
301,2,3,2,5,2,2,5,2,2,6,8,4,4,3,3,6,3,6,1,1,2,3,4,3,2,4,3,5,6,5,0
302,4,2,5,1,0,1,9,3,4,7,4,0,7,1,3,5,7,5,8,5,5,0,1,2,9,1,5,9,3,5,0
303,2,6,8,7,7,3,3,4,0,2,3,2,0,2,6,6,9,4,9,6,6,9,5,5,6,8,6,4,3,8,0
304,2,5,1,6,4,0,5,6,6,9,5,2,2,3,0,9,6,1,3,0,5,5,2,7,9,1,9,6,2,4,0
305,9,8,9,6,1,6,1,0,4,1,0,9,5,0,9,5,5,0,4,5,8,4,8,6,1,8,6,9,9,1,0
306,9,7,5,8,3,6,6,4,9,5,5,1,2,4,3,2,3,2,9,2,7,9,4,9,6,2,4,7,2,3,0
307,7,5,1,6,9,9,4,6,6,4,0,7,9,3,3,3,9,6,7,5,4,9,5,3,3,2,5,5,8,5,0
308,2,6,4,8,9,4,8,5,6,9,3,7,1,0,6,0,3,9,9,9,5,1,7,9,7,4,9,3,6,1,0
309,2,2,9,5,3,3,8,6,6,1,0,3,1,5,9,6,1,1,8,2,0,7,6,6,3,1,2,1,8,0,0
310,3,7,1,9,0,0,6,6,4,6,3,1,9,1,6,1,1,3,0,5,7,7,4,0,5,8,7,0,2,3,0
311,5,3,8,2,4,0,8,2,5,1,9,1,6,1,0,2,1,1,3,3,7,8,5,9,8,7,4,6,5,3,0
312,6,3,8,5,9,2,1,7,9,1,7,9,6,6,4,3,1,3,0,3,0,9,8,3,4,6,4,8,3,3,0
313,1,3,5,9,0,0,7,1,0,0,9,9,0,9,8,8,8,9,3,6,4,9,9,8,5,5,6,3,1,4,0
314,2,1,7,3,5,7,8,0,0,1,1,3,0,2,5,7,0,8,9,3,4,7,4,0,4,1,9,2,5,4,0
315,1,3,9,3,2,4,7,8,3,9,0,5,3,5,6,1,2,1,5,5,5,5,0,5,7,6,3,8,8,8,0
316,1,2,2,8,0,1,3,6,7,9,3,7,5,6,2,8,7,1,0,1,7,0,9,8,0,5,4,1,2,9,0
317,9,9,5,8,8,8,0,5,7,6,0,1,2,4,1,8,0,9,9,1,3,7,2,3,5,2,4,3,5,6,0
318,8,6,6,6,8,9,0,9,5,1,8,4,6,8,9,0,8,2,7,2,6,7,8,2,3,4,5,4,5,9,0
319,0,1,5,8,8,9,9,6,0,3,7,8,8,7,2,2,8,5,4,8,8,6,5,3,8,5,8,5,9,5,0
320,2,1,9,3,1,3,3,7,3,4,4,5,8,0,6,6,6,4,8,2,4,2,0,4,0,5,3,5,0,2,0
321,7,9,5,8,8,4,5,0,1,9,8,5,7,4,7,0,1,1,3,2,3,4,7,2,1,4,5,2,8,7,0
322,8,5,8,1,9,9,0,2,7,7,9,9,3,1,4,6,0,7,4,1,7,5,9,9,3,1,4,8,6,0,0
323,3,5,5,8,4,8,0,6,6,3,5,7,5,0,1,7,4,9,6,3,8,0,6,7,6,8,2,8,4,0,0
324,5,1,3,9,3,7,9,2,8,3,9,4,2,5,5,2,3,3,2,9,0,6,1,0,8,5,6,5,4,9,0
325,5,6,5,0,5,6,5,1,8,5,2,4,2,1,8,7,3,8,7,0,6,6,9,9,7,7,4,1,0,0,0
326,2,2,3,2,6,1,9,2,5,6,6,0,0,5,6,9,8,2,4,4,8,8,4,0,1,5,4,3,3,8,0
327,5,3,0,3,1,9,8,7,2,1,7,6,4,3,3,7,1,8,9,7,5,2,8,5,7,0,6,6,5,6,0
328,9,3,5,2,1,7,2,7,3,7,6,0,0,2,7,9,4,0,3,5,7,0,8,7,0,1,3,8,2,0,0
329,0,4,0,0,0,4,8,3,0,9,1,4,1,6,0,7,3,7,9,0,5,6,0,6,5,8,7,0,0,1,0
330,6,8,8,1,4,9,9,8,2,4,3,6,0,9,8,9,3,7,7,9,8,4,4,3,7,2,3,6,6,2,0
331,1,9,8,9,6,9,7,1,6,8,7,2,5,9,2,3,6,1,9,3,9,3,3,3,8,8,3,8,5,0,0
332,6,1,0,5,0,8,5,3,3,0,5,4,5,5,4,8,8,4,8,3,8,8,3,9,4,9,6,4,9,7,0
333,7,1,3,6,8,7,1,4,3,6,2,4,0,6,9,8,7,5,1,7,1,7,9,2,4,9,0,8,2,6,0
334,5,7,8,1,6,8,5,9,2,3,2,5,0,8,3,9,9,3,7,8,9,9,4,7,1,9,0,6,8,2,0
335,6,6,1,1,6,4,1,9,2,6,8,7,3,5,7,4,3,9,6,7,3,8,7,6,7,4,8,8,0,1,0
336,1,5,8,0,1,6,2,4,1,8,0,0,2,7,8,2,0,9,6,9,7,7,7,3,4,8,7,3,1,4,0
337,4,6,4,3,8,7,7,0,5,3,7,7,9,7,8,5,4,0,2,9,3,0,2,9,0,8,6,6,8,7,0
338,7,9,9,7,9,9,4,6,7,9,9,8,5,3,6,9,5,6,2,2,9,1,2,4,7,3,1,7,9,7,1
339,5,4,2,6,2,6,7,3,4,2,2,4,2,3,4,5,8,4,5,3,2,7,0,7,7,2,0,9,0,1,0
340,4,1,1,4,6,4,7,1,3,2,8,3,6,1,6,1,2,6,6,5,0,0,2,3,0,9,0,9,5,8,0
341,7,8,4,3,9,6,5,5,0,5,1,2,4,4,9,3,6,4,6,9,9,3,6,3,3,1,0,4,2,1,0
342,5,6,4,7,3,8,6,8,5,0,7,3,3,5,7,1,6,5,6,7,6,6,0,4,1,3,5,9,6,8,0
343,9,2,5,8,9,2,1,6,1,1,9,9,9,2,9,5,9,2,0,0,2,8,4,6,2,7,3,6,3,1,0
344,3,1,1,6,9,5,5,7,6,6,1,3,5,9,5,0,9,3,6,9,4,9,6,3,1,4,9,5,1,5,0
345,4,4,1,3,2,5,2,7,4,9,1,7,0,2,8,1,2,3,0,0,6,4,9,8,5,9,1,5,9,9,0
346,2,9,7,8,8,4,7,7,4,0,5,5,5,5,4,5,9,0,9,9,0,2,5,8,7,3,4,1,9,1,0
347,7,5,9,1,3,3,4,0,5,5,0,1,6,4,5,9,2,1,6,1,5,7,0,6,1,2,2,5,3,7,0
348,0,8,7,3,1,6,0,2,1,5,0,6,4,3,4,2,2,7,8,7,4,1,2,3,9,8,8,8,8,0,0
349,4,1,3,1,9,7,3,3,9,1,0,4,1,4,9,4,7,8,0,4,9,4,4,5,7,2,3,0,4,2,0
350,6,2,4,8,5,3,2,5,2,1,6,2,0,1,8,6,6,6,9,8,3,9,5,1,6,0,0,3,7,5,0
351,6,9,5,0,8,5,5,5,2,8,0,4,0,9,5,8,2,9,6,6,4,2,3,3,8,4,3,6,1,1,0
352,0,6,3,3,3,7,5,0,3,0,3,1,6,3,6,1,5,3,6,8,5,3,3,8,6,5,1,2,5,8,0
353,5,4,0,2,0,3,6,1,8,1,1,2,5,6,2,0,8,2,9,2,6,8,9,0,2,4,7,5,4,3,0
354,8,3,1,8,9,3,0,2,4,2,2,1,9,7,4,5,9,7,7,0,4,2,0,1,2,9,0,7,6,0,0
355,0,0,1,9,7,3,5,4,2,2,5,2,3,9,6,9,7,2,4,0,6,6,4,7,0,3,6,5,9,3,0
356,3,5,8,2,1,2,7,4,3,9,4,2,6,7,0,1,4,9,3,5,2,8,5,8,7,4,3,6,8,7,0
357,3,9,4,6,4,2,7,8,8,5,1,1,4,0,7,5,2,3,2,1,7,7,6,9,5,2,4,6,6,6,0
358,7,8,5,0,8,2,3,3,3,0,1,2,5,8,8,6,8,9,8,8,3,6,2,4,6,6,4,7,5,4,0
359,6,9,7,0,3,9,2,2,7,5,9,9,3,3,7,8,0,4,4,3,0,6,4,7,4,5,8,4,1,9,0
360,9,9,2,2,8,9,6,7,4,0,1,1,3,4,6,6,6,1,2,9,0,6,2,5,5,1,5,5,5,1,0
361,9,1,6,3,4,5,9,8,3,2,6,6,1,8,2,1,4,3,5,6,5,8,4,9,1,1,7,5,1,5,0
362,5,7,6,7,6,2,8,1,1,4,2,0,1,2,8,8,2,1,5,8,0,4,9,3,4,9,4,3,5,9,0
363,9,4,7,9,6,1,3,4,6,8,8,5,4,1,7,5,3,5,4,0,7,5,2,6,1,7,7,8,0,5,0
364,5,6,6,1,8,0,6,0,5,4,6,3,4,7,8,5,3,9,5,4,0,0,2,6,6,1,5,1,7,8,0
365,6,8,7,2,2,3,2,2,2,2,7,1,7,7,5,7,4,2,8,8,6,2,6,4,9,2,8,2,7,2,0
366,3,5,6,5,8,2,1,1,2,3,7,4,2,9,3,0,7,2,1,7,3,4,2,0,7,7,0,3,6,7,0
367,5,2,0,0,3,2,9,5,7,3,0,4,5,5,2,4,0,0,6,4,3,0,3,3,7,1,0,9,9,1,0
368,0,1,1,4,8,0,0,7,7,4,2,9,0,3,3,9,1,1,7,4,8,1,0,7,8,8,6,8,6,3,0
369,0,1,2,0,4,6,7,0,5,3,7,2,4,1,1,2,1,6,6,3,6,3,6,9,8,6,4,3,0,8,0
370,2,5,5,3,9,5,2,2,0,3,8,5,7,3,3,9,4,7,9,0,9,3,3,2,4,4,6,0,1,1,0
371,3,9,5,1,6,7,5,8,8,7,7,8,3,4,5,4,8,7,7,3,7,9,0,4,3,5,4,7,6,1,0
372,2,8,7,1,1,7,0,3,6,8,4,9,5,5,5,8,6,9,0,2,8,9,7,6,0,1,8,9,3,9,0
373,6,6,8,6,4,0,1,6,0,1,4,4,4,0,1,5,0,1,8,8,2,2,1,0,7,6,6,0,8,6,0
374,4,0,7,0,1,0,6,4,9,8,8,0,9,0,9,4,2,8,5,8,3,2,3,1,7,8,3,9,6,7,0
375,9,3,1,9,6,3,6,2,0,4,0,9,2,6,1,7,9,2,2,0,0,0,3,3,1,6,5,8,0,5,0
376,2,0,7,0,9,2,2,4,4,3,2,2,4,0,5,1,5,5,4,8,1,8,1,6,8,9,9,5,9,3,0
377,0,2,5,1,9,1,3,3,7,8,4,3,0,2,2,2,0,9,5,3,6,0,1,2,1,4,3,8,9,5,0
378,0,0,6,9,6,8,3,9,8,6,4,0,8,4,5,7,9,6,4,3,4,7,7,0,0,3,5,5,9,4,0
379,0,4,7,6,1,5,5,7,5,0,6,7,5,9,1,1,5,7,3,3,4,0,7,2,1,3,0,0,9,4,0
380,1,8,4,5,3,8,9,7,9,3,5,5,9,5,0,4,4,7,9,4,7,4,7,3,1,1,3,7,2,3,0
381,0,5,0,0,0,8,4,1,7,1,7,3,4,9,7,9,2,2,0,2,6,4,2,9,3,5,8,8,2,4,0
382,0,6,7,0,3,6,7,0,6,9,2,8,0,3,3,9,3,8,2,3,8,7,6,8,1,8,0,1,1,8,0
383,4,4,9,8,5,6,3,0,5,5,8,0,3,5,2,8,1,6,3,3,0,1,7,1,4,0,4,0,7,9,0
384,4,1,4,3,2,7,7,9,6,8,3,9,6,1,8,9,4,6,9,9,0,7,3,9,2,4,4,8,3,3,0
385,3,9,1,3,1,7,0,6,3,6,3,0,3,4,5,6,1,9,0,0,2,9,4,6,6,4,9,5,4,3,0
386,9,1,2,6,5,0,2,6,0,7,6,0,5,7,5,5,8,5,8,4,7,3,2,4,1,3,2,1,5,3,0
387,3,7,5,0,9,7,9,9,5,6,8,6,3,7,4,1,7,4,6,7,2,9,2,6,3,8,9,7,4,4,0
388,0,2,3,1,3,3,1,5,5,1,0,7,2,7,3,0,5,6,9,0,4,9,2,6,4,5,4,7,4,1,0
389,0,4,4,3,7,8,7,4,7,5,8,2,1,7,9,0,0,9,8,3,0,6,9,8,7,7,9,5,8,2,0
390,9,1,8,4,1,8,2,7,5,3,9,5,0,7,6,5,3,3,8,7,0,1,6,5,0,3,7,2,1,8,0
391,0,5,9,4,1,2,3,1,0,7,3,8,5,9,6,5,9,2,0,0,5,2,0,0,7,1,3,5,6,6,0
392,5,9,5,1,6,3,6,2,4,5,4,3,7,3,4,4,3,7,4,4,7,0,2,9,0,6,8,1,1,1,0
393,7,3,8,1,6,8,9,8,5,2,6,2,2,7,2,1,0,3,7,7,4,6,1,6,8,4,5,4,2,3,0
394,2,4,1,9,6,5,8,7,2,1,7,6,6,2,3,3,3,6,1,3,8,5,9,9,8,9,1,1,6,9,0
395,6,4,2,8,1,5,5,6,6,0,0,8,7,3,6,3,1,0,4,3,1,3,4,8,9,7,4,1,8,5,0
396,3,8,3,2,8,3,1,4,2,7,9,2,1,6,0,0,8,3,1,3,8,0,9,4,1,2,4,5,2,5,0
397,4,6,2,9,5,0,6,7,0,6,2,3,8,4,0,7,5,4,1,1,6,1,7,7,1,0,1,2,4,8,0
398,0,5,1,3,9,1,9,6,9,0,9,9,4,1,4,9,7,2,4,3,2,7,9,9,2,5,5,2,0,9,0
399,7,8,8,2,5,0,2,7,0,8,3,9,2,0,7,8,8,3,0,1,5,3,8,5,0,5,5,0,0,6,0
400,0,2,4,2,9,7,2,9,5,5,4,8,9,5,4,2,2,4,4,8,6,4,1,7,0,0,7,4,0,1,0
401,8,9,4,6,6,7,0,7,2,8,2,9,0,9,6,6,7,8,8,6,5,3,1,1,4,8,1,7,0,5,0
402,1,9,6,7,9,0,6,5,9,0,0,2,2,8,3,8,7,3,1,5,6,6,5,3,3,7,9,4,5,9,0
403,1,0,5,3,5,9,2,3,9,6,2,9,1,6,2,3,9,7,5,8,1,1,1,6,5,9,1,2,7,3,0
404,9,0,5,3,2,5,8,3,3,8,9,7,5,8,2,8,6,6,3,8,9,4,8,7,4,1,8,1,6,8,0
405,7,7,6,6,9,4,7,2,3,6,3,5,0,0,0,5,0,2,9,2,9,6,6,7,8,8,8,2,4,8,0
406,2,3,1,2,9,8,1,3,4,2,8,8,7,0,0,0,4,2,7,5,3,6,7,2,0,2,7,0,0,5,0
407,7,2,3,6,4,6,0,7,7,5,3,2,8,4,0,4,3,2,5,6,5,0,8,4,3,1,7,1,3,7,0
408,0,4,0,4,7,5,7,6,6,7,5,7,3,0,6,1,9,4,8,6,5,9,8,0,1,3,0,3,9,7,0
409,1,1,4,3,8,8,4,8,3,1,0,5,5,0,6,6,9,5,9,2,5,1,3,0,9,8,7,6,9,1,0
410,3,0,5,6,4,8,1,5,2,2,0,4,5,7,5,2,8,7,6,7,6,8,5,6,1,2,9,4,3,4,0
411,1,6,6,6,3,4,5,8,6,3,7,4,2,7,8,1,6,2,3,5,4,8,0,8,6,9,6,7,9,0,0
412,8,2,6,4,5,7,6,3,3,9,3,0,5,4,0,0,7,5,7,2,7,7,1,6,6,5,3,9,5,9,0
413,7,5,1,5,1,9,7,0,0,7,8,2,1,4,6,8,5,7,9,2,5,2,6,0,0,7,9,4,5,9,0
414,6,4,5,7,0,2,2,3,8,0,8,2,5,8,6,5,2,9,6,6,7,8,5,0,2,1,7,2,3,0,0
415,6,9,9,6,1,3,9,0,2,5,5,6,3,9,1,6,6,4,8,3,8,1,9,0,4,8,0,9,4,6,0
416,8,3,1,5,6,9,4,7,7,4,6,0,6,6,8,5,3,5,9,8,1,6,3,8,6,4,6,8,0,2,0
417,0,8,3,8,1,6,8,1,2,7,6,5,9,5,8,9,8,6,2,7,0,7,6,0,0,1,8,4,3,0,0
418,2,5,6,1,9,2,3,2,1,8,3,4,8,5,3,0,8,4,2,8,7,0,5,6,1,5,4,5,7,3,0
419,2,9,6,9,0,6,4,5,9,4,3,5,3,3,7,9,0,1,3,1,0,1,8,1,0,1,7,9,0,4,0
420,5,6,5,5,1,0,6,4,4,9,0,8,2,7,0,5,7,9,5,3,0,1,4,9,4,1,7,8,4,7,0
421,1,5,2,5,5,1,6,4,7,9,5,6,0,1,1,5,0,6,2,3,2,8,9,4,3,3,9,2,7,7,0
422,6,7,1,8,4,7,7,1,3,3,9,7,8,0,8,2,8,0,7,3,4,5,1,0,2,1,0,4,0,3,0
423,7,2,7,3,7,8,7,8,6,6,6,3,8,9,8,9,2,6,9,1,5,9,7,4,6,5,1,4,7,2,0
424,5,1,6,8,6,6,6,9,1,8,7,9,1,9,2,8,0,2,1,3,4,7,4,3,9,2,6,1,1,7,0
425,6,8,0,0,1,8,0,6,2,7,3,9,2,2,8,8,9,2,0,4,8,4,5,8,9,3,7,4,8,6,0
426,5,6,5,0,5,4,2,8,0,4,9,1,7,4,8,2,9,0,9,6,5,9,7,2,8,1,7,3,2,2,0
427,8,5,9,5,9,8,7,1,9,5,6,5,9,7,7,5,5,3,3,6,7,7,8,7,1,2,8,6,1,2,0
428,3,5,7,5,9,9,2,3,0,9,5,8,4,7,2,9,5,7,3,9,4,3,4,4,6,2,2,8,3,9,0
429,4,8,5,3,8,8,1,3,3,4,6,8,8,9,9,6,8,8,1,4,6,2,4,8,9,8,5,9,4,2,0
430,5,2,3,2,1,3,3,9,1,1,8,6,5,1,3,1,6,0,0,2,6,5,5,3,3,8,5,0,3,0,0
431,7,3,0,8,9,7,5,7,8,7,4,5,1,8,7,3,6,3,4,0,9,7,1,9,1,9,0,2,7,0,0
432,0,1,8,4,7,6,5,9,1,1,9,4,9,1,1,7,5,3,5,9,7,3,0,2,6,8,6,6,1,1,0
433,7,8,4,6,0,9,3,2,4,7,3,6,4,4,4,7,4,2,2,6,0,9,7,6,1,7,9,1,6,5,0
434,2,6,7,7,1,1,6,6,4,4,2,5,4,1,0,7,4,9,9,9,3,6,6,5,6,9,1,6,9,2,0
435,5,0,8,6,7,7,2,6,4,4,3,7,9,4,2,7,5,0,8,3,3,8,9,0,4,6,0,3,7,6,0
436,0,1,9,2,0,9,3,7,8,2,6,9,7,9,6,5,1,3,2,7,8,2,0,5,6,5,3,0,0,4,0
437,2,0,8,4,9,2,0,1,0,8,5,2,7,6,3,9,7,3,9,8,3,9,8,0,0,2,7,0,7,5,0
438,5,2,0,1,9,8,1,5,4,0,1,3,5,1,5,2,4,1,6,8,7,2,5,6,9,7,6,2,8,4,0
439,4,9,7,7,9,3,8,7,1,4,3,6,9,7,0,9,5,5,2,5,9,3,0,4,8,7,2,5,2,4,0
440,0,7,4,8,5,7,5,2,2,1,0,6,9,9,0,5,6,5,5,9,1,2,7,2,2,5,5,7,3,9,0
441,2,2,7,5,5,2,5,3,1,4,8,4,1,0,4,5,8,0,8,5,6,2,2,5,7,7,5,6,0,7,0
442,3,0,1,9,1,3,4,1,0,7,4,1,0,9,9,5,0,9,4,8,0,6,6,2,5,4,5,8,8,3,0
443,2,2,0,2,1,1,2,9,9,7,4,2,1,9,4,4,6,7,3,0,8,0,1,2,2,1,4,0,5,8,0
444,4,2,7,9,4,5,3,4,7,6,0,7,8,5,7,9,9,7,5,9,5,3,7,1,3,7,1,5,4,9,0
445,6,2,6,5,1,3,2,4,5,5,6,9,4,3,2,4,0,1,0,8,0,6,2,1,2,3,0,7,4,3,0
446,9,4,3,7,2,5,7,0,8,5,2,2,0,6,2,6,7,6,2,3,3,7,8,2,8,1,1,1,4,4,0
447,3,1,7,9,3,0,0,1,3,2,6,9,8,1,3,4,2,3,7,1,4,4,8,3,2,9,4,4,3,1,0
448,6,6,0,8,0,2,3,3,2,0,5,5,2,6,5,4,5,2,8,4,9,5,1,7,6,7,8,2,7,8,0
449,2,5,9,2,5,1,5,0,4,8,5,3,7,0,5,9,6,1,5,8,9,2,5,4,5,8,2,8,7,8,0
450,1,1,1,2,3,7,5,6,8,7,5,2,2,5,8,3,5,7,9,4,0,7,8,1,1,9,7,2,1,7,0
451,2,0,0,9,8,2,2,3,5,6,2,8,1,0,3,6,2,0,4,2,8,9,4,6,2,8,0,5,6,7,0
452,1,4,8,4,1,1,5,5,6,2,5,7,3,3,0,7,5,7,4,4,6,4,5,4,0,9,5,1,3,5,0
453,3,9,1,7,2,2,0,3,0,6,1,1,5,0,9,3,1,9,0,8,7,6,1,3,5,3,8,0,8,9,0
454,6,8,1,3,4,3,9,4,1,5,9,7,8,4,8,6,5,3,7,7,3,1,4,1,0,4,9,0,9,7,0
455,8,4,2,0,5,1,5,9,5,2,9,6,5,7,2,9,7,0,0,8,8,3,1,8,8,4,3,4,8,2,0
456,0,3,9,0,2,1,4,7,3,1,4,8,6,8,2,1,4,6,9,8,2,4,3,7,1,2,5,6,5,6,0
457,7,6,2,2,9,1,6,9,3,4,0,1,7,4,2,5,9,9,9,0,1,9,1,8,4,2,4,3,6,4,0
458,0,0,1,9,6,5,5,3,6,8,4,3,3,5,4,4,0,6,6,8,0,3,0,1,7,9,2,5,7,1,0
459,1,5,5,4,1,8,6,2,3,8,6,2,5,6,9,4,5,7,2,7,5,7,2,4,5,2,3,8,0,4,0
460,6,9,5,7,6,6,3,1,1,8,6,2,5,2,5,3,2,3,6,6,6,2,7,0,4,3,3,5,2,1,0
461,7,3,8,4,1,1,3,0,2,0,4,8,1,5,9,3,4,5,2,7,5,2,0,8,6,4,5,5,4,8,0
462,1,4,2,2,5,5,2,3,1,8,0,8,4,4,2,6,4,1,0,1,2,0,3,5,2,5,0,4,2,8,0
463,7,9,1,3,7,1,8,9,9,3,6,8,6,5,6,2,6,1,9,6,1,7,7,9,8,2,9,3,4,4,0
464,0,8,5,1,3,4,9,8,4,1,1,6,2,8,3,8,2,6,1,9,9,4,5,5,3,1,7,6,6,1,0
465,8,8,6,9,0,0,9,9,1,6,9,7,6,5,1,5,8,1,3,1,7,9,9,9,2,9,9,2,1,4,0
466,7,4,4,8,0,3,9,7,9,5,4,0,9,6,9,2,7,9,0,1,8,4,4,3,9,7,3,9,6,0,0
467,5,3,5,1,9,5,2,0,9,4,8,8,4,5,4,6,5,6,3,9,2,2,6,0,8,3,6,0,3,9,0
468,6,4,7,3,2,9,6,8,2,5,4,8,6,4,6,3,1,7,7,8,3,7,7,9,4,7,3,7,6,6,0
469,6,7,1,9,4,4,4,0,1,3,5,2,2,3,4,5,1,4,0,9,7,1,9,4,7,4,9,1,3,3,0
470,0,0,9,0,3,6,0,6,9,6,5,6,0,9,2,9,0,7,7,6,9,5,2,7,1,4,6,8,6,2,0
471,3,4,3,8,7,0,7,1,2,3,8,8,2,0,6,7,0,7,9,8,1,5,2,5,6,9,7,2,9,5,0
472,1,0,3,2,3,5,5,8,9,3,3,1,7,3,9,0,3,7,0,6,3,3,0,2,8,0,7,2,6,1,0
473,4,2,8,3,2,7,3,3,7,2,9,0,9,8,7,0,5,5,9,8,0,9,3,3,8,4,4,3,7,3,0
474,7,0,2,3,6,3,7,4,8,3,1,0,9,7,8,2,8,8,5,6,3,4,4,1,6,2,7,6,2,3,0
475,6,4,1,0,7,0,5,3,3,3,1,0,0,4,6,8,7,6,3,8,7,2,5,2,3,1,9,9,2,5,0
476,0,4,5,4,6,8,4,8,8,3,3,5,8,6,6,2,1,9,9,0,6,1,2,1,1,5,9,7,8,8,0
477,1,5,0,5,8,6,9,5,2,7,9,7,7,9,7,0,5,2,8,6,7,5,2,2,4,1,7,1,4,9,0
478,3,9,3,4,1,3,6,4,1,7,4,9,3,0,2,1,4,8,7,4,8,6,7,4,6,0,1,2,9,1,0
479,7,1,9,4,3,6,5,6,3,2,4,4,4,3,1,4,3,3,4,4,5,3,6,7,8,8,8,7,6,6,0
480,8,5,7,4,9,0,9,8,5,9,9,1,8,1,9,0,4,1,3,6,9,1,2,3,5,3,0,0,5,0,0
481,4,8,0,5,5,5,4,2,3,3,4,8,4,1,5,1,8,4,6,2,7,9,9,9,8,4,1,6,9,2,0
482,4,9,1,3,9,8,8,9,9,6,1,6,6,3,5,6,6,4,8,4,6,3,4,8,6,0,5,9,4,7,0
483,0,1,5,8,0,7,4,9,7,2,0,7,2,0,3,0,5,1,4,3,6,7,7,5,2,1,2,0,4,4,0
484,4,0,4,6,1,9,6,1,5,7,9,1,9,1,4,6,1,1,2,1,3,1,3,1,7,7,9,4,4,0,0
485,1,4,2,9,6,1,4,3,8,0,4,7,2,3,7,4,2,9,0,2,8,2,9,1,4,7,4,7,3,4,0
486,9,4,1,0,3,6,5,0,0,3,8,0,1,0,0,1,5,7,9,5,4,5,8,7,3,7,7,6,2,0,0
487,7,0,5,7,5,1,2,9,5,5,0,4,3,7,7,5,3,9,4,6,1,2,4,5,4,9,7,0,5,9,0
488,2,3,8,2,6,2,8,2,0,6,1,0,3,1,3,3,1,0,1,9,6,9,1,4,2,1,3,9,8,7,0
489,7,8,3,9,7,8,6,1,8,1,4,4,5,0,8,8,9,1,5,0,3,7,1,1,8,9,8,1,2,2,0
490,0,6,2,2,6,9,0,4,6,1,5,1,4,1,4,7,7,1,8,2,4,9,8,6,9,1,3,0,9,9,0
491,6,4,7,2,7,0,9,4,5,6,7,0,5,5,2,1,6,7,0,9,3,9,7,2,5,0,1,6,4,7,0
492,1,0,1,1,5,9,7,6,1,8,2,9,4,1,8,0,8,0,2,4,4,3,1,8,7,3,0,0,2,3,0
493,4,9,0,4,0,2,0,6,6,8,1,6,6,2,6,0,7,5,6,9,3,9,2,2,4,1,7,0,9,8,0
494,9,0,8,5,8,0,6,6,3,7,3,7,8,9,2,6,2,3,3,6,4,9,9,0,6,7,3,5,8,3,0
495,8,5,7,5,6,2,3,5,2,4,6,0,6,3,3,2,2,5,3,7,5,2,7,6,4,1,4,5,4,8,0
496,6,4,5,9,5,5,9,1,7,0,8,8,2,8,6,0,7,0,3,7,1,1,6,5,4,9,3,5,7,5,0
497,1,5,9,0,8,5,4,6,2,3,0,8,5,0,5,2,1,8,7,9,9,7,1,2,7,8,3,2,8,8,0
498,0,4,2,7,5,5,0,1,4,5,1,8,4,6,4,4,0,9,7,6,5,2,3,0,4,4,9,2,0,6,0
499,9,7,1,2,4,8,0,0,0,7,7,0,1,2,6,5,1,7,8,6,4,1,3,7,8,8,6,1,1,1,0
500,8,8,8,1,0,5,2,7,9,7,5,2,1,0,0,4,3,0,3,5,3,4,6,0,2,5,2,9,3,5,0
501,0,5,6,6,9,3,4,8,7,2,2,8,2,1,3,7,5,4,3,8,1,3,1,0,3,1,9,6,4,8,0
502,0,0,7,0,2,6,2,8,3,9,6,4,5,3,3,5,6,9,9,3,3,3,1,8,7,8,9,0,3,5,0
503,6,4,6,4,8,4,4,4,9,3,4,4,6,7,2,7,0,4,0,4,8,8,1,3,0,6,7,5,1,2,0
504,8,8,7,9,8,9,0,5,3,8,6,2,2,4,6,0,7,2,5,8,5,0,0,7,5,7,2,2,1,4,1
505,1,2,6,1,3,6,7,4,7,3,0,6,2,2,4,4,9,0,0,5,7,9,6,0,4,9,4,1,1,7,0
506,6,8,0,3,0,0,7,7,6,7,0,1,5,4,2,0,5,0,2,2,9,5,8,9,5,9,3,1,7,0,0
507,9,2,9,7,2,8,3,9,2,2,8,0,4,2,5,0,2,8,5,5,2,1,8,1,1,8,1,8,6,4,0
508,7,3,3,2,9,6,2,3,8,0,2,6,5,0,5,3,8,7,4,7,0,1,9,1,1,8,5,0,0,2,0
509,8,4,1,3,6,7,4,2,2,4,2,2,0,7,9,3,4,6,5,0,7,6,1,1,6,4,1,3,2,3,0
510,4,8,1,1,0,6,6,8,1,3,5,5,8,5,4,0,8,8,8,6,0,6,1,6,0,8,2,2,0,1,0
511,6,5,9,2,3,0,3,0,8,5,0,9,0,6,5,9,5,3,7,7,1,8,1,2,4,4,0,3,1,4,0
512,3,8,8,0,7,3,6,1,9,8,5,4,4,2,0,9,7,9,0,0,9,5,9,6,4,4,7,0,3,8,0
513,1,5,1,3,7,7,0,6,8,5,5,3,3,2,9,2,1,7,4,9,2,0,3,3,6,6,3,5,9,1,0
514,0,7,9,0,1,3,3,4,0,9,8,8,4,8,6,8,5,6,8,2,4,6,8,4,5,8,7,9,2,5,0
515,0,4,0,8,4,7,5,9,4,2,7,1,7,1,3,7,7,4,3,1,5,2,9,5,2,7,3,0,3,2,0
516,9,7,6,5,1,9,5,6,8,8,0,9,2,7,6,5,6,3,2,7,0,3,8,1,5,5,9,4,3,9,0
517,6,2,8,8,4,7,7,7,7,3,9,4,0,3,4,8,9,1,8,8,9,2,5,5,3,2,4,3,0,8,0
518,0,7,2,1,4,0,5,0,6,6,6,0,8,5,2,7,5,4,6,3,3,2,2,9,3,2,9,5,1,0,0
519,9,0,7,9,9,2,3,6,1,0,9,3,2,0,5,0,2,8,5,6,0,7,5,6,2,8,9,8,1,7,0
520,3,8,0,9,9,1,7,3,5,7,4,1,8,4,7,1,9,5,9,3,1,3,4,9,2,1,4,1,5,9,0
521,7,6,1,8,1,4,4,1,3,9,8,4,9,3,9,9,7,4,7,2,8,6,4,4,4,2,3,9,5,2,0
522,4,2,0,0,6,4,9,3,0,9,6,2,8,0,5,4,8,6,5,3,3,1,4,5,5,4,8,4,6,0,0
523,6,0,0,9,4,7,9,7,7,3,8,4,7,0,4,5,3,1,3,8,8,3,3,9,6,4,6,8,7,2,0
524,7,0,5,1,9,7,5,9,9,1,5,1,9,4,2,1,2,7,4,5,9,0,6,3,2,4,2,0,2,7,0
525,4,9,3,6,6,7,0,5,9,6,1,0,9,3,5,9,1,3,9,2,2,0,9,4,8,3,1,2,9,7,0
526,8,0,6,8,4,2,4,2,6,8,6,7,2,5,1,6,7,5,4,2,6,4,2,9,9,6,5,8,3,7,0
527,5,2,4,2,9,3,8,6,3,1,7,4,9,4,0,7,1,8,1,4,5,1,8,5,9,0,6,0,0,0,0
528,1,7,1,6,9,7,7,9,6,5,5,0,7,2,2,1,7,6,6,1,9,6,2,0,4,0,9,1,8,2,0
529,0,9,7,2,1,9,2,5,5,5,6,4,5,9,9,7,7,4,2,1,7,4,9,6,5,4,7,4,0,7,0
530,5,7,0,6,0,8,1,4,5,4,2,0,6,5,0,9,4,7,7,3,0,3,1,2,5,6,1,0,0,3,0
531,5,3,5,9,4,2,3,7,4,7,0,6,7,3,0,5,6,1,1,4,9,7,8,0,5,7,2,8,2,0,0
532,2,9,6,5,1,6,3,7,9,2,6,5,5,1,0,3,1,7,4,2,2,3,9,4,9,1,5,7,2,9,0
533,6,1,3,7,3,9,6,5,7,6,6,4,6,9,6,3,5,8,2,4,9,4,6,7,3,2,8,0,7,9,0
534,2,4,5,7,0,5,5,6,5,9,0,8,1,3,1,7,5,2,9,5,0,9,9,7,3,5,6,1,5,2,0
535,0,5,8,2,9,7,8,2,0,9,2,1,0,4,3,2,8,8,9,8,0,3,3,8,2,6,9,5,3,2,0
536,1,2,0,7,9,4,1,2,0,6,7,2,6,3,2,0,1,2,6,7,6,6,1,4,8,0,2,7,7,1,0
537,2,9,9,7,9,0,5,6,5,4,4,3,7,5,8,6,1,2,9,3,2,7,6,1,8,7,8,9,0,3,0
538,2,4,0,3,8,6,7,0,7,4,8,1,6,1,9,4,9,2,9,2,3,8,8,8,2,4,4,4,6,3,0
539,2,4,3,8,6,9,3,1,9,7,1,3,9,0,2,0,4,9,8,6,9,6,6,3,8,0,5,3,8,9,0
540,3,1,7,9,2,0,5,6,2,5,2,2,5,3,0,7,7,3,4,2,7,2,5,4,5,0,4,8,2,7,0
541,5,8,1,6,9,2,5,0,8,8,8,1,9,6,2,4,1,2,2,7,4,2,6,5,2,9,2,9,9,7,0
542,2,2,2,6,5,6,6,0,1,8,5,6,7,5,5,8,1,7,2,3,0,7,0,8,6,8,7,6,4,9,0
543,2,2,3,9,8,1,0,7,2,1,1,8,9,1,6,7,4,4,7,6,2,9,8,9,9,8,3,0,5,1,0
544,1,7,5,8,8,9,6,9,2,2,9,4,6,9,3,5,7,8,3,0,9,9,3,3,3,3,8,7,1,8,0
545,4,3,2,1,7,2,4,8,6,3,8,6,9,3,0,0,9,9,6,7,2,9,8,0,3,5,4,3,9,6,0
546,0,9,4,5,2,9,9,0,4,3,4,1,1,0,4,4,2,4,0,5,0,1,5,9,7,1,1,0,1,0,0
547,4,9,9,5,0,3,0,5,8,7,8,6,1,9,2,4,3,5,4,4,2,3,6,6,2,0,2,6,6,3,0
548,1,4,5,4,1,8,3,5,6,8,7,1,9,0,4,8,7,7,2,0,5,1,9,1,0,5,2,9,4,8,0
549,6,1,5,1,8,4,5,3,4,5,7,6,3,1,8,9,2,4,4,4,7,4,7,6,6,9,1,4,0,4,0
550,9,4,7,5,6,8,0,6,6,9,7,5,4,1,7,5,4,1,2,2,5,8,9,3,4,7,4,3,1,0,0
551,7,9,8,9,2,9,9,9,2,0,2,2,8,1,1,4,5,7,7,4,1,2,1,6,5,3,2,4,6,8,1
552,9,5,1,5,4,6,7,4,8,3,5,7,6,2,4,1,3,0,8,1,3,2,3,6,1,3,4,2,8,1,0
553,6,1,8,6,7,2,2,2,6,2,7,2,4,9,3,1,4,0,9,8,5,1,8,3,9,1,5,5,8,8,0
554,3,8,8,3,1,4,2,6,5,8,3,9,8,5,4,5,3,9,4,1,0,5,0,0,7,5,6,2,2,1,0
555,9,0,8,4,7,1,3,7,2,5,0,3,8,9,4,8,3,2,1,8,9,2,1,3,4,0,6,1,1,2,0
556,5,9,1,4,2,5,3,8,5,2,9,2,0,3,8,5,0,9,2,7,2,4,3,8,8,1,3,1,6,6,0
557,8,0,9,0,8,2,3,9,4,5,7,4,6,1,9,2,5,6,1,0,8,6,9,8,1,3,4,8,8,5,0
558,7,0,4,1,4,2,9,5,2,6,3,7,3,9,7,1,3,1,0,3,4,0,1,6,4,9,3,6,4,2,0
559,5,8,5,5,0,6,3,4,4,3,5,6,5,4,2,9,6,0,2,0,6,1,0,9,2,3,5,0,7,0,0
560,6,1,6,9,8,7,4,8,1,3,3,9,5,9,6,9,6,7,9,4,6,8,1,4,1,8,1,5,7,9,0
561,3,2,6,4,0,3,5,6,3,6,7,0,2,9,2,5,0,0,0,9,9,7,6,5,8,7,4,9,2,2,0
562,2,7,6,6,9,1,3,2,9,5,1,5,1,8,5,3,5,9,2,7,7,3,9,8,5,8,8,5,6,8,0
563,7,3,4,7,6,5,4,9,2,7,6,3,6,7,6,2,6,1,1,6,9,8,6,7,1,3,7,0,5,2,0
564,7,0,2,9,7,3,7,3,0,5,0,3,4,5,4,8,2,4,7,2,9,3,4,9,8,5,4,5,1,9,0
565,2,1,0,8,9,5,6,5,5,6,3,2,0,3,2,8,0,6,7,3,6,8,6,4,3,4,6,7,5,7,0
566,9,9,8,8,1,4,5,4,2,1,9,8,9,9,9,8,5,5,9,1,3,6,2,0,8,1,4,0,9,6,1
567,3,3,4,5,6,9,1,1,0,5,0,2,5,1,6,3,3,0,4,1,4,4,3,4,7,7,0,8,3,6,0
568,8,6,3,0,9,8,4,6,1,6,0,5,6,0,4,1,1,8,8,7,0,8,0,6,7,3,9,2,2,5,0
569,4,0,7,7,8,3,6,4,5,9,5,5,8,7,2,9,8,2,8,3,9,2,3,4,1,1,8,0,2,0,0
570,3,7,7,6,9,3,3,9,0,3,0,7,3,7,8,6,1,6,8,6,8,7,6,1,8,6,3,0,5,3,0
571,6,2,2,2,4,1,5,5,8,0,1,9,3,5,0,5,5,3,6,3,2,8,9,3,5,9,2,6,3,6,0
572,1,2,7,1,1,3,1,8,7,6,5,9,1,3,4,2,7,1,9,6,2,8,0,4,4,5,5,7,4,3,0
573,4,5,2,5,6,4,3,9,9,9,4,8,0,5,7,0,6,6,4,9,5,8,2,3,5,5,4,8,9,0,0
574,0,0,1,6,3,9,2,0,6,3,0,4,7,6,7,1,1,3,9,1,4,1,7,8,2,6,7,6,4,9,0
575,7,4,4,9,4,0,6,1,9,7,4,7,1,8,7,5,4,7,0,2,0,5,5,5,9,2,2,0,8,7,0
576,4,1,0,9,9,4,4,6,1,8,2,1,2,6,9,5,7,8,8,7,5,2,8,1,5,4,8,3,2,3,0
577,4,5,6,6,7,9,4,3,3,1,7,5,9,7,9,0,0,1,0,5,6,5,6,6,4,2,2,3,4,0,0
578,9,3,6,1,3,8,6,6,2,3,3,3,1,6,8,9,6,9,2,9,9,5,7,3,2,6,9,6,6,9,0
579,4,2,6,4,9,4,9,9,7,9,6,9,3,1,1,4,5,1,4,8,7,8,0,1,6,9,7,3,2,6,0
580,1,1,1,4,4,1,8,2,5,2,6,6,5,1,6,6,3,5,3,8,2,3,8,4,6,8,8,8,8,2,0
581,4,6,4,1,0,8,4,3,3,4,7,0,8,4,9,9,0,7,8,1,7,6,8,9,6,4,6,8,2,3,0
582,0,5,4,8,2,8,1,7,1,7,2,1,9,2,6,7,5,2,2,8,0,5,8,1,6,2,7,0,0,7,0
583,3,8,9,6,2,1,5,6,7,5,9,2,9,2,6,2,9,0,1,4,8,2,7,2,5,4,5,1,0,5,0
584,6,3,4,1,6,0,0,8,8,3,2,6,1,4,4,9,0,7,7,3,8,9,9,6,3,5,2,7,7,8,0
585,5,6,7,2,7,2,3,5,0,2,9,6,4,4,1,4,3,1,1,9,8,5,7,4,3,7,4,6,7,6,0
586,3,8,2,4,6,6,7,4,8,7,2,0,6,1,8,9,7,2,0,5,2,8,9,7,4,1,2,8,2,7,0
587,5,1,5,0,9,8,6,2,1,4,1,6,0,3,2,6,1,5,3,5,0,5,5,9,7,0,7,8,5,3,0
588,4,6,4,0,8,7,8,7,7,6,1,1,0,5,3,3,9,3,2,3,1,2,2,8,0,8,6,5,6,5,0
589,5,4,5,1,7,1,4,5,7,2,1,1,0,2,5,9,3,8,8,3,1,9,4,0,1,4,5,3,3,1,0
590,9,8,0,2,2,1,0,1,4,0,9,0,1,1,3,5,0,5,9,8,5,4,9,5,5,4,1,1,3,0,0
591,2,8,7,0,3,5,8,3,5,9,2,7,1,7,6,7,8,4,9,3,5,6,2,8,1,6,8,6,4,0,0
592,5,8,9,8,0,0,7,7,5,2,3,3,4,2,5,8,7,1,9,9,8,9,2,1,0,1,8,2,5,1,0
593,3,9,4,3,0,2,9,0,1,9,4,4,1,5,4,7,5,6,0,6,9,2,7,8,8,4,8,3,0,2,0
594,9,6,7,9,8,7,0,0,7,1,0,0,5,8,4,9,2,8,6,0,7,6,3,5,9,4,6,5,2,8,0
595,6,2,5,8,9,1,2,3,5,8,1,8,3,3,0,4,7,8,8,2,6,6,8,0,7,7,3,3,5,0,0
596,1,7,8,4,2,7,8,3,7,1,7,1,1,5,9,1,5,5,4,6,4,8,7,3,3,9,8,0,0,1,0
597,4,5,9,6,4,7,1,9,1,7,1,4,4,6,6,6,6,0,0,1,9,5,9,8,7,2,4,1,0,7,0
598,7,8,7,6,4,5,7,3,2,6,7,4,9,9,5,2,0,7,8,5,0,4,4,1,4,0,1,4,1,6,0
599,5,0,4,8,5,7,0,7,5,3,0,8,1,3,4,5,2,3,4,0,1,6,4,7,2,3,6,7,7,2,0
600,0,9,8,4,1,3,8,0,4,6,9,1,2,7,7,5,6,4,2,3,9,6,2,5,3,7,6,6,2,2,0
601,4,8,4,9,7,9,9,0,4,5,4,3,1,3,6,5,9,5,1,9,0,5,6,3,1,0,8,9,1,9,0
602,9,5,5,1,2,0,5,7,5,9,2,2,7,9,8,1,7,0,2,2,9,0,6,7,6,7,7,8,6,9,0
603,9,4,7,5,8,2,4,5,6,6,4,7,7,7,6,6,1,1,7,3,9,5,8,3,6,6,0,7,6,2,0
604,5,5,4,4,4,0,0,6,3,2,1,1,6,8,4,3,0,3,0,6,6,8,0,4,6,2,1,1,4,6,0
605,9,2,6,3,8,7,3,6,4,0,8,6,9,7,8,1,7,0,2,5,8,4,3,2,3,8,4,0,3,3,0
606,9,8,7,9,1,9,5,2,3,7,5,6,6,3,0,9,9,9,4,7,5,2,0,4,7,6,5,4,8,8,1
607,1,7,9,4,2,1,3,8,3,8,1,4,5,5,7,6,1,6,0,0,4,7,2,2,7,2,7,7,0,5,0
608,8,4,4,4,2,2,0,8,5,1,7,4,0,9,5,9,9,0,1,7,7,0,3,4,7,2,3,5,7,2,0
609,8,4,3,6,0,3,2,3,1,1,2,2,9,3,7,9,8,5,2,5,4,6,8,5,5,5,1,9,5,4,0
610,6,3,3,9,9,7,9,8,3,0,2,5,1,5,4,0,1,9,5,2,0,4,2,8,6,2,7,8,9,9,0
611,4,0,1,7,8,4,9,0,2,8,5,0,6,2,7,1,2,5,8,8,1,4,2,5,9,4,1,2,2,4,0
612,8,8,9,0,5,6,2,5,0,1,5,7,6,9,1,0,6,7,0,3,7,7,8,8,5,6,1,6,4,7,0
613,9,7,1,3,7,6,9,5,3,8,2,9,8,0,0,2,1,9,4,3,1,9,5,6,2,2,1,0,1,2,0
614,7,5,0,0,4,7,4,3,3,3,1,4,1,5,4,6,2,5,1,5,3,2,2,6,8,9,0,7,3,9,0
615,9,4,5,3,0,5,9,4,6,2,9,3,9,2,2,7,5,3,1,9,2,2,8,7,6,5,2,3,8,7,0
616,7,8,2,6,4,8,3,2,8,3,1,5,5,2,3,1,1,4,9,6,8,8,7,6,3,4,4,9,8,0,0
617,7,2,4,2,6,7,0,9,8,1,5,2,1,7,7,1,7,2,4,2,4,3,8,4,4,5,5,6,4,1,0
618,3,0,4,3,4,5,6,7,9,7,9,7,2,1,8,4,0,2,6,2,8,0,3,4,9,2,6,4,3,1,0
619,8,7,7,7,4,2,9,8,8,9,1,7,7,3,5,2,6,2,7,1,0,1,8,8,5,2,5,6,5,4,1
620,0,3,4,6,7,1,0,1,0,8,1,0,6,6,6,0,5,1,8,1,8,5,5,5,8,3,8,4,3,1,0
621,4,3,0,2,3,1,4,5,4,3,3,8,9,4,5,2,7,9,8,4,3,9,4,4,2,7,1,7,4,3,0
622,1,9,4,0,4,3,3,1,6,1,8,8,2,0,0,4,6,7,1,9,7,4,3,7,4,7,1,9,0,4,0
623,4,4,6,8,9,2,6,6,4,9,2,6,3,0,6,3,4,8,8,8,7,8,5,1,2,4,0,4,4,2,0
624,2,5,3,2,7,3,5,0,8,1,4,9,8,5,5,2,7,9,6,7,1,4,5,6,9,8,3,7,1,7,0
625,1,0,1,2,8,0,1,7,0,8,6,9,2,0,2,1,4,0,0,7,6,6,5,0,2,8,8,3,7,8,0
626,4,9,9,8,1,6,6,4,0,5,8,1,8,6,2,1,5,4,5,4,4,7,9,6,8,9,2,5,6,7,0
627,2,9,5,2,7,7,4,7,5,6,3,1,2,4,6,1,5,6,7,7,2,6,6,0,5,0,8,4,4,3,0
628,7,1,0,3,9,7,3,4,2,7,4,3,4,2,4,3,7,8,2,4,7,6,7,1,4,0,8,7,7,6,0
629,4,0,4,3,6,0,9,3,0,6,4,1,0,5,8,4,9,1,5,2,6,2,3,2,4,5,2,9,0,4,0
630,8,8,9,8,2,9,3,0,2,3,3,1,3,7,9,2,4,8,7,5,2,1,2,0,5,9,8,2,8,8,1
631,0,2,6,6,3,4,8,4,1,6,4,6,0,5,7,8,4,1,2,3,8,9,9,8,5,1,6,1,4,8,0
632,1,7,0,3,2,8,6,0,7,1,1,6,4,8,6,7,5,5,2,5,3,2,0,3,8,2,4,1,3,3,0
633,0,6,7,8,0,9,6,6,1,1,3,0,7,5,7,7,1,3,4,1,6,9,5,3,5,6,3,8,8,1,0
634,3,2,2,6,4,5,4,5,1,7,5,9,2,9,4,0,7,7,1,7,5,4,5,9,4,2,9,6,0,6,0
635,0,0,7,6,4,2,8,6,3,3,2,5,1,1,0,9,5,4,8,5,9,3,2,9,7,0,6,1,5,6,0
636,3,3,3,0,0,9,0,8,6,9,8,3,0,0,2,2,4,2,0,6,8,3,3,0,9,8,5,0,4,9,0
637,7,0,2,7,5,1,4,1,9,2,4,0,8,8,3,3,3,7,6,4,3,0,6,8,1,6,9,5,0,9,0
638,9,5,9,0,0,0,2,1,2,8,3,5,9,5,0,0,9,0,7,6,4,1,7,1,8,7,2,1,2,7,0
639,3,2,0,8,6,8,7,6,9,8,2,4,0,9,3,4,6,2,4,4,1,4,2,3,6,1,9,8,1,6,0
640,6,7,8,7,8,7,9,8,9,2,0,7,6,8,5,4,0,2,9,7,7,2,5,6,5,5,5,1,8,8,0
641,1,9,4,4,0,0,3,0,4,6,9,7,9,4,8,8,3,2,4,9,3,0,1,4,7,4,6,6,9,2,0
642,3,6,6,9,5,0,5,1,2,2,6,2,0,4,5,8,6,5,4,2,1,8,6,8,8,9,8,2,1,4,0
643,1,8,5,0,0,4,5,8,9,2,8,9,6,5,3,8,6,5,3,2,2,9,4,7,7,1,6,6,6,9,0
644,6,8,1,5,8,1,5,9,2,4,3,4,9,4,7,4,1,5,2,5,6,3,2,5,7,0,2,4,6,4,0
645,0,1,7,3,5,5,9,5,9,9,1,4,6,7,8,0,8,1,4,9,6,3,6,8,0,9,7,2,5,1,0
646,0,1,3,2,5,9,4,0,4,9,4,0,9,9,3,2,9,7,8,1,6,9,5,3,6,7,7,3,5,4,0
647,3,7,7,6,7,2,7,2,6,0,3,4,6,1,8,9,0,8,6,6,7,5,0,1,5,0,6,0,6,6,0
648,7,0,6,1,4,2,2,0,6,0,1,6,0,5,7,1,0,8,3,6,2,2,0,9,1,4,8,1,5,3,0
649,7,8,1,6,4,7,5,6,7,8,6,8,9,7,8,0,3,1,5,4,1,2,2,4,7,9,0,7,3,1,0
650,9,0,6,8,9,5,6,0,7,5,2,6,0,8,2,2,3,1,4,5,5,3,7,6,9,3,0,4,9,7,0
651,6,1,2,9,3,7,1,6,6,5,6,3,6,6,6,7,2,1,4,2,8,6,8,9,0,8,5,0,3,9,0
652,9,4,1,8,4,5,0,8,0,5,8,5,2,8,3,8,8,4,2,3,6,7,5,5,9,9,4,9,4,2,0
653,5,6,5,2,9,9,7,0,7,5,1,1,7,8,8,1,6,6,7,9,5,8,4,2,6,8,3,0,0,1,0
654,7,6,7,2,8,7,8,2,9,3,2,3,6,5,6,1,2,7,6,7,2,5,1,1,6,9,7,0,3,1,0
655,1,1,5,5,0,2,3,8,3,4,7,4,9,7,1,9,4,9,4,4,1,4,9,7,4,9,1,6,7,3,0
656,1,7,9,5,0,5,9,8,2,1,1,5,1,5,4,7,0,9,1,4,4,9,2,2,5,0,7,4,0,6,0
657,3,5,3,7,8,4,6,3,3,9,0,1,7,7,6,8,0,5,9,7,6,9,7,0,4,6,7,6,7,3,0
658,4,8,9,2,4,2,3,2,3,1,8,3,1,3,3,6,9,0,9,2,6,6,7,7,4,8,6,6,6,3,0
659,3,8,3,6,1,6,8,1,8,8,0,3,4,0,4,0,6,6,7,8,6,8,0,6,9,9,9,7,3,0,0
660,1,3,0,0,7,2,0,2,1,6,6,9,0,4,3,2,0,0,5,4,9,0,3,0,3,6,6,0,6,6,0
661,9,3,3,4,5,1,4,1,7,2,3,7,9,7,5,4,1,4,7,6,6,9,8,7,8,8,6,3,5,9,0
662,3,6,6,1,5,1,8,1,3,7,0,4,5,6,7,1,1,9,4,5,0,2,8,4,0,6,4,5,7,5,0
663,8,8,9,3,1,0,6,6,8,0,6,9,2,3,1,3,2,6,6,0,2,1,0,2,9,2,2,2,8,6,0
664,7,1,2,1,5,4,8,7,5,3,0,9,3,8,3,0,4,3,9,6,4,6,9,9,5,4,7,4,8,8,0
665,4,6,9,6,8,0,0,3,8,1,7,8,2,7,4,9,0,2,8,7,2,9,0,0,2,4,2,3,7,8,0
666,1,1,1,5,1,0,3,1,3,5,1,5,7,4,1,7,3,5,9,0,9,8,2,8,5,4,9,6,5,4,0
667,1,4,1,8,9,9,2,4,4,0,5,7,8,2,7,7,1,5,7,0,6,6,2,2,8,1,1,3,5,4,0
668,2,1,3,1,7,9,1,0,2,3,5,8,3,2,2,3,8,8,9,3,8,5,0,2,4,3,2,7,9,0,0
669,1,2,9,5,5,8,2,7,2,6,7,8,1,5,5,2,3,8,3,6,4,0,2,3,9,5,6,5,6,9,0
670,5,6,8,9,8,8,1,7,3,7,4,7,8,5,2,1,9,3,0,0,2,8,0,9,5,7,2,9,6,2,0
671,4,5,3,5,0,8,3,7,6,3,9,1,9,5,0,9,8,5,5,6,9,5,2,6,7,7,8,3,0,0,0
672,2,5,9,5,2,4,6,6,8,8,0,7,4,8,3,9,0,8,3,9,1,1,0,9,1,7,1,6,7,7,0
673,1,6,9,6,4,3,0,2,6,0,8,2,5,5,8,9,1,7,5,8,5,1,0,7,8,6,9,0,5,5,0
674,5,9,2,2,8,9,9,1,9,4,3,7,5,0,6,1,5,9,2,9,6,7,4,5,3,7,5,0,5,9,0
675,2,0,9,4,5,1,3,7,0,3,8,0,3,3,6,1,4,1,2,6,8,9,4,5,3,4,4,0,4,6,0
676,2,8,8,6,2,7,7,9,5,0,1,0,7,8,5,1,2,0,3,0,3,9,4,5,3,5,6,9,9,1,0
677,0,9,9,9,3,9,1,0,9,7,5,1,0,5,5,6,0,4,8,7,1,9,9,5,7,3,3,3,3,4,0
678,9,5,9,1,1,4,4,3,5,4,2,7,0,7,5,2,1,9,0,5,6,2,6,7,0,1,0,0,4,6,0
679,9,0,6,8,8,6,0,4,2,1,6,0,0,2,0,9,5,9,5,2,7,7,7,6,8,2,2,1,8,2,0
680,5,2,8,2,5,1,4,0,7,4,7,3,4,3,8,7,6,8,9,3,8,2,8,9,8,6,0,7,6,4,0
681,2,7,2,1,4,6,5,1,3,3,9,3,5,7,9,9,1,8,3,7,6,0,9,8,7,4,0,7,1,4,0
682,7,7,0,2,8,5,9,1,7,6,2,6,5,6,2,2,6,4,5,7,6,2,1,3,1,7,9,2,3,4,0
683,2,4,2,3,6,9,3,3,3,9,7,3,8,5,6,0,0,4,4,7,2,8,7,0,5,9,9,5,0,6,0
684,6,8,3,8,9,4,3,7,9,6,1,1,1,3,2,5,5,4,4,5,9,7,7,6,8,8,0,0,3,0,0
685,9,9,3,7,6,9,5,7,9,6,2,1,4,9,8,2,8,0,1,8,6,5,9,5,9,2,1,9,1,4,0
686,5,6,9,3,8,0,8,0,6,2,0,0,1,4,5,4,6,3,8,9,2,4,8,3,4,3,5,3,7,2,0
687,2,5,5,9,2,3,8,1,2,2,8,8,3,7,0,4,2,4,2,5,6,9,1,8,7,0,2,8,2,8,0
688,1,6,0,0,6,1,0,5,3,5,9,8,1,6,2,3,6,4,7,7,3,7,9,3,0,8,0,4,5,4,0
689,3,4,4,8,1,8,2,7,1,1,8,3,6,2,4,4,0,4,6,9,8,1,5,6,7,4,1,9,7,2,0
690,2,5,5,5,2,5,8,0,5,9,8,3,1,1,6,1,2,4,2,3,2,0,0,2,8,9,4,0,6,1,0
691,4,1,0,9,0,1,0,0,1,5,0,8,2,0,2,7,5,7,3,0,7,6,5,3,6,5,8,3,4,5,0
692,4,4,9,0,7,9,8,0,8,5,9,5,8,5,9,4,3,8,0,5,5,0,3,5,9,3,7,1,8,6,0
693,1,5,3,6,0,9,1,9,2,2,6,3,1,0,1,4,5,5,1,9,1,9,1,4,2,4,2,9,8,0,0
694,9,5,2,5,3,1,1,7,2,7,6,0,7,8,9,0,2,8,1,4,9,8,1,0,8,9,4,8,7,3,0
695,5,1,6,3,8,0,4,3,9,0,1,5,6,2,8,5,6,7,8,4,6,6,5,5,8,1,1,9,5,3,0
696,7,2,6,6,0,5,2,8,8,7,6,5,8,1,2,5,7,8,0,8,6,3,4,5,8,5,2,6,7,0,0
697,5,5,9,0,3,1,3,9,1,2,4,6,5,1,7,0,5,2,9,6,1,2,9,5,5,2,5,7,9,0,0
698,2,2,7,2,0,5,2,2,2,4,4,2,0,9,0,6,3,8,5,1,1,2,5,9,1,1,6,3,6,2,0
699,6,2,0,6,2,6,3,0,6,7,3,9,5,6,0,9,6,6,8,6,6,2,9,8,1,6,0,9,1,5,0
700,0,2,3,6,2,3,8,2,6,3,8,6,7,9,1,1,8,9,2,1,8,6,4,7,4,4,0,1,7,8,0
701,6,5,4,1,5,7,2,5,0,0,1,5,2,5,2,5,5,6,9,9,8,7,3,5,6,2,1,2,8,1,0
702,9,7,5,4,5,3,3,6,3,2,0,3,9,1,2,5,5,5,9,2,3,3,0,5,0,7,0,0,3,5,0
703,4,7,1,4,9,6,5,8,9,9,8,6,4,5,4,4,0,1,4,0,5,7,7,4,2,2,4,5,6,2,0
704,1,2,2,6,4,6,9,3,7,4,4,5,2,4,7,1,6,6,6,1,9,1,9,0,7,3,1,3,2,7,0
705,5,2,0,8,5,3,0,8,1,1,8,8,4,7,3,7,1,3,7,6,3,7,2,1,9,1,6,1,7,0,0
706,4,2,5,9,8,7,4,3,8,1,5,6,5,9,1,8,2,1,5,7,4,6,6,0,1,3,5,5,3,0,0
707,8,7,3,0,5,7,4,3,5,5,4,3,8,1,0,7,4,0,6,8,7,3,2,2,1,2,5,7,3,4,0
708,7,5,3,5,4,4,9,7,4,0,5,4,1,0,7,0,1,4,1,8,6,8,4,1,0,6,3,0,4,3,0
709,5,3,8,5,5,7,6,6,3,7,7,6,4,9,6,6,4,7,9,2,9,3,6,7,0,4,5,7,9,2,0
710,9,0,2,8,4,3,6,7,2,8,5,4,7,7,9,3,6,1,0,4,4,2,5,6,4,1,7,0,1,4,0
711,4,3,1,8,9,8,5,1,0,6,8,9,9,6,7,2,0,2,2,7,8,2,1,9,0,7,2,7,1,8,0
712,5,6,9,4,0,2,0,2,7,0,7,3,2,7,0,2,2,0,2,4,0,5,1,0,3,4,7,8,6,4,0
713,9,7,1,4,5,6,9,4,3,5,8,8,5,5,3,3,5,1,1,7,2,9,5,5,8,9,0,2,4,3,0
714,0,1,5,5,3,8,0,3,5,9,2,0,8,3,5,6,0,5,0,2,3,6,1,4,4,9,2,4,6,3,0
715,7,9,7,2,8,3,1,2,4,4,6,7,6,8,3,2,4,8,2,7,9,8,2,0,4,9,0,9,3,0,0
716,0,4,9,6,1,4,8,4,2,4,2,1,2,3,8,5,2,4,2,0,0,5,8,8,9,1,5,8,3,0,0
717,8,8,6,9,6,0,1,6,1,4,2,8,1,8,7,8,0,8,6,5,7,3,7,3,3,4,0,6,5,5,0
718,8,6,9,1,3,7,4,5,3,0,7,9,1,1,6,9,4,3,7,1,6,3,7,7,8,9,3,8,2,7,0
719,0,7,1,8,1,5,0,1,5,9,0,6,9,8,9,4,2,2,6,4,9,6,0,4,8,2,0,3,2,0,0
720,5,7,9,9,9,8,3,0,1,3,3,5,8,0,2,9,9,2,1,2,4,3,5,3,2,2,8,7,7,9,0
721,0,3,0,5,0,2,7,1,3,2,3,5,2,2,2,3,5,1,8,6,0,2,0,2,0,9,4,7,2,8,0
722,8,6,4,9,7,4,0,0,2,3,3,2,1,0,7,4,9,7,5,0,3,8,9,2,1,6,8,3,9,6,0
723,3,8,6,5,1,1,9,5,4,0,6,8,2,2,3,3,8,1,1,9,1,2,9,0,2,3,6,0,7,1,0
724,0,1,3,6,4,1,4,4,4,3,2,7,3,7,3,6,6,6,8,9,3,2,6,1,5,7,8,6,5,9,0
725,8,7,3,3,6,0,7,9,6,1,5,1,1,3,1,4,7,0,1,7,4,1,9,9,2,0,5,1,4,5,0
726,1,4,1,8,8,9,9,9,8,5,4,3,7,4,4,8,0,2,6,3,1,0,5,8,3,5,9,2,0,1,0
727,4,8,2,6,3,9,1,2,0,3,4,1,5,7,0,8,6,6,7,6,9,9,7,7,3,1,0,7,5,7,0
728,4,0,0,9,9,7,7,0,1,2,7,2,7,8,7,0,8,7,0,9,3,7,3,4,3,4,8,6,9,1,0
729,5,6,0,4,3,6,3,7,5,7,8,0,6,2,7,4,3,9,3,4,7,2,0,9,0,5,1,0,1,1,0
730,2,5,2,3,6,7,6,3,8,3,9,0,7,1,5,1,1,6,7,5,0,7,7,8,4,0,4,1,0,5,0
731,2,7,5,1,3,6,7,9,2,8,0,1,1,4,4,7,8,8,5,8,1,9,4,1,3,4,0,1,6,8,0
732,4,8,1,3,8,2,1,3,6,2,4,2,1,7,1,4,1,2,3,1,0,6,5,8,9,9,7,4,6,4,0
733,9,7,8,9,9,5,5,5,5,5,0,7,7,9,4,3,1,1,7,4,5,9,3,8,9,9,9,5,4,5,1
734,9,8,0,3,8,4,8,7,8,4,8,2,0,9,0,5,8,1,8,7,8,4,9,3,3,1,5,0,7,4,0
735,9,5,6,4,4,7,8,3,2,0,5,9,0,1,6,5,1,4,2,2,0,0,9,5,6,0,3,0,9,7,0
736,2,6,9,6,9,5,8,7,9,0,6,0,9,1,1,0,0,9,9,8,5,6,7,5,5,4,0,0,2,0,0
737,8,0,0,1,6,9,5,3,2,4,7,2,1,0,6,0,3,5,5,5,0,9,6,2,8,7,1,7,9,4,0
738,8,9,6,9,8,5,3,2,3,9,4,4,3,3,8,0,8,4,9,8,3,1,2,3,2,2,8,8,4,5,0
739,8,1,2,4,8,9,4,8,1,7,9,0,1,9,6,8,5,7,3,6,1,0,1,1,6,6,3,4,2,0,0
740,9,8,4,1,0,4,4,5,7,7,6,0,3,1,5,8,1,0,4,2,3,9,0,2,1,5,9,5,5,0,0
741,6,0,0,7,0,2,1,0,6,1,5,6,2,1,2,1,6,0,5,8,8,3,2,6,0,1,5,4,4,2,0
742,8,5,4,9,4,1,7,9,1,8,2,7,7,3,5,7,3,0,4,3,3,9,7,2,7,2,0,5,2,9,0
743,7,1,2,0,5,9,7,3,0,3,7,1,6,8,1,1,6,6,9,2,7,2,2,0,4,3,0,7,9,1,0
744,6,9,3,1,3,4,4,2,6,0,6,6,6,6,8,3,7,9,3,5,8,0,0,0,6,1,8,3,9,7,0
745,3,2,1,9,8,2,9,5,1,0,5,4,0,5,9,7,1,8,6,7,9,4,6,9,6,2,5,3,9,6,0
746,9,1,6,5,4,3,3,1,2,1,4,1,4,6,3,7,7,5,9,4,8,6,1,3,3,5,5,1,0,7,0
747,3,5,4,5,3,2,4,7,6,6,7,7,5,2,4,2,0,0,5,1,3,3,4,6,5,6,4,8,7,6,0
748,0,4,7,7,2,7,1,8,2,2,1,5,7,7,7,9,2,0,3,1,1,0,6,4,9,3,6,5,0,3,0
749,9,6,1,8,3,7,6,9,7,9,1,1,7,4,4,4,8,2,4,3,7,0,2,6,1,1,3,7,9,3,0
750,7,6,6,8,5,5,1,7,7,6,1,8,2,1,4,5,0,5,8,6,1,3,0,4,6,1,8,4,6,6,0
751,1,7,0,1,5,9,3,1,4,5,1,2,9,7,1,4,7,9,7,3,1,1,1,0,0,0,0,5,5,9,0
752,8,2,6,1,5,2,5,4,3,7,5,1,4,7,9,5,8,2,0,7,7,0,7,8,9,1,9,2,1,2,0
753,1,5,2,4,6,3,3,5,0,6,4,8,0,1,1,1,1,2,2,9,2,0,6,8,0,6,7,3,6,2,0
754,1,3,0,6,1,6,5,8,8,4,3,7,4,7,9,1,4,5,1,7,7,5,8,8,3,6,8,8,1,1,0
755,9,0,6,9,0,8,6,2,2,8,3,9,5,0,9,5,6,2,5,4,0,7,2,1,3,2,3,1,8,0,0
756,5,1,1,5,7,0,4,6,9,2,8,4,8,0,8,0,4,8,9,8,1,9,0,1,7,0,5,3,6,4,0
757,5,0,1,7,7,8,6,4,6,2,5,8,7,1,3,8,1,7,0,4,8,7,1,0,5,9,3,2,2,7,0
758,4,4,7,1,5,7,6,2,5,3,7,3,3,4,6,6,2,6,8,7,6,9,7,2,2,9,7,9,7,3,0
759,8,5,3,7,1,7,2,9,7,0,6,9,2,2,7,4,7,5,1,2,5,3,2,2,6,9,1,9,0,1,0
760,7,5,8,4,6,3,1,8,4,3,7,0,5,1,3,6,4,5,5,2,3,4,8,0,0,1,4,4,6,1,0
761,0,1,9,8,3,2,4,3,9,3,8,6,0,9,7,8,9,0,6,1,3,9,4,5,3,4,5,8,5,1,0
762,1,4,0,1,3,2,5,6,9,3,6,6,5,0,5,5,8,7,0,4,6,8,0,6,5,1,3,4,4,8,0
763,9,8,5,5,8,8,3,0,3,3,2,8,5,4,8,0,0,8,2,0,2,4,7,0,5,9,1,2,9,1,0
764,8,3,3,9,6,0,1,1,5,7,7,3,4,9,8,9,0,4,2,2,8,6,3,3,3,3,3,2,5,5,0
765,7,8,7,5,6,3,0,1,8,0,4,3,6,0,3,9,5,9,3,1,9,2,6,8,3,8,3,6,6,1,0
766,7,8,5,6,1,9,8,2,3,7,8,3,1,5,3,4,4,8,6,6,8,6,7,5,7,0,5,2,5,9,0
767,0,9,6,2,2,2,9,3,4,9,4,0,9,5,1,7,4,4,0,1,5,2,1,5,0,2,0,8,7,7,0
768,4,2,5,9,5,5,0,9,1,1,1,6,9,1,7,8,1,4,8,4,9,6,3,2,6,1,8,5,8,3,0
769,5,0,0,8,8,7,5,6,8,9,5,0,8,7,8,2,6,6,0,2,1,4,8,9,3,8,0,7,2,4,0
770,4,4,6,7,7,3,3,6,0,3,0,0,3,3,2,7,8,3,7,5,7,6,2,3,6,3,7,3,8,4,0
771,4,0,4,0,0,5,8,3,8,7,3,5,4,0,2,7,1,9,0,0,6,0,6,6,8,1,1,2,9,9,0
772,0,5,8,2,6,6,7,9,5,4,2,3,1,1,9,0,5,3,6,3,9,9,3,9,1,5,5,6,5,9,0
773,8,3,9,9,4,8,9,3,4,4,1,8,6,5,9,0,7,7,0,0,3,7,8,0,4,0,2,8,8,4,0
774,3,0,8,2,2,8,0,4,5,6,2,8,3,3,4,8,8,6,3,6,2,9,2,2,3,6,2,9,9,7,0
775,5,8,3,7,9,9,7,2,8,0,6,7,9,3,4,0,5,3,6,5,5,4,4,9,4,9,0,9,4,0,0
776,2,6,5,2,4,7,7,1,7,7,9,1,7,6,9,6,9,6,9,2,7,8,8,5,1,2,8,1,0,4,0
777,3,6,5,9,9,8,6,1,5,6,0,2,2,1,1,7,4,6,7,7,3,7,2,8,6,4,8,5,1,6,0
778,7,3,3,4,8,9,9,7,2,8,0,3,2,3,1,0,7,3,8,0,7,4,7,7,3,3,0,5,5,7,0
779,1,8,3,6,6,6,2,4,8,6,8,3,7,7,4,7,0,6,2,8,6,8,0,9,7,2,9,8,2,7,0
780,4,3,4,1,8,9,6,1,6,5,7,3,3,9,3,3,1,0,9,1,6,8,3,2,9,5,0,5,9,7,0
781,2,3,6,4,1,1,1,6,1,2,3,1,8,7,6,0,3,0,9,4,9,7,9,7,1,4,4,5,7,5,0
782,9,3,1,3,0,4,5,3,1,1,4,5,0,9,8,8,6,6,2,5,3,0,1,8,7,0,5,1,7,2,0
783,4,5,1,6,4,6,0,3,4,0,2,2,5,8,6,4,0,0,6,5,5,2,6,2,4,4,8,9,4,0,0
784,8,6,0,5,9,2,9,6,2,8,7,0,6,5,6,3,6,7,5,5,2,6,9,9,3,1,4,5,4,8,0
785,8,0,4,9,3,5,7,9,0,6,8,9,1,2,5,1,6,5,6,0,7,3,9,7,0,3,8,4,1,4,0
786,8,9,6,8,4,7,9,8,7,7,1,8,5,7,9,5,6,9,1,9,9,8,1,6,9,8,7,0,9,6,0
787,4,0,1,3,9,6,7,2,9,0,9,1,1,6,9,9,6,3,3,9,7,6,4,6,5,3,1,4,5,0,0
788,2,3,9,8,1,9,0,8,1,4,6,6,0,8,9,2,7,2,7,9,7,6,0,5,1,2,7,6,3,0,0
789,7,5,4,7,7,0,3,5,7,5,2,2,2,7,4,6,3,3,1,7,5,5,5,2,3,6,6,4,3,9,0
790,9,8,7,3,3,7,9,5,7,5,4,9,5,2,2,6,7,2,8,5,5,6,9,6,8,2,6,1,5,5,0
791,3,2,2,3,7,9,5,9,1,1,2,9,7,8,9,2,0,8,9,4,3,0,5,8,1,6,0,8,3,7,0
792,9,8,3,9,9,0,2,7,2,7,7,6,8,2,3,8,8,1,0,7,2,5,3,9,4,8,3,6,0,0,0
793,9,8,8,4,5,1,0,2,8,3,4,7,8,1,6,9,3,1,4,2,2,8,8,9,7,9,1,0,4,0,0
794,7,1,4,7,0,4,5,6,6,3,8,2,6,7,1,8,3,6,8,3,3,9,8,9,5,7,7,9,3,3,0
795,3,8,7,4,6,6,3,6,7,1,4,6,5,1,5,5,2,5,5,3,2,7,1,2,3,7,2,9,3,8,0
796,1,6,3,3,0,1,9,4,3,8,9,0,1,2,5,7,8,5,6,5,8,2,1,9,9,8,2,1,9,4,0
797,5,8,1,3,0,4,9,1,2,1,1,5,6,1,0,0,8,3,4,2,2,6,7,4,2,4,7,1,6,5,0
798,5,4,3,6,8,5,3,8,1,8,7,4,9,3,5,0,5,5,1,9,8,9,7,5,4,2,1,5,9,5,0
799,5,8,5,3,9,3,8,8,0,6,3,1,1,6,7,6,0,5,2,7,8,4,0,1,8,1,1,5,2,2,0
800,7,5,0,0,3,5,2,9,4,9,2,4,2,8,3,5,6,9,0,3,8,1,1,1,9,6,0,6,5,6,0
801,3,4,9,9,7,7,1,2,1,2,2,1,5,6,0,3,6,1,2,0,8,9,9,5,9,1,7,2,7,0,0
802,9,9,5,2,0,6,8,3,9,7,7,6,9,0,3,7,7,5,5,4,0,3,9,4,0,7,7,5,1,3,0
803,6,3,8,0,4,1,7,8,9,5,7,2,5,1,7,9,5,2,4,8,6,9,0,0,7,2,7,5,7,2,0
804,3,1,9,5,0,1,0,3,5,0,6,4,3,9,6,8,2,4,9,8,3,0,2,4,4,2,0,9,8,7,0
805,0,0,3,8,4,9,3,8,9,8,9,2,8,4,7,0,0,4,5,9,4,2,4,3,2,5,5,4,2,7,0
806,4,1,9,9,1,4,7,8,9,8,6,9,1,8,2,4,3,4,0,1,7,8,2,1,3,2,4,6,9,1,0
807,2,3,0,6,8,3,3,7,2,4,3,1,2,0,5,5,1,7,6,0,0,2,6,5,9,9,4,8,0,2,0
808,1,3,9,8,2,1,7,0,4,0,1,9,6,7,3,1,6,2,1,1,7,2,0,1,1,0,9,1,1,1,0
809,3,3,3,8,4,5,8,8,0,6,7,2,9,9,7,2,5,8,2,9,1,0,6,1,7,0,0,0,5,2,0
810,5,4,7,8,3,0,5,1,5,9,3,2,3,3,8,2,1,3,5,9,4,3,3,4,4,1,6,9,6,3,0
811,0,1,0,8,8,1,2,2,8,2,1,5,4,5,7,9,7,1,8,1,2,8,2,6,7,3,4,4,5,5,0
812,8,8,9,5,3,9,4,1,3,5,9,6,7,0,4,6,7,3,7,4,5,5,0,1,9,9,7,2,8,1,0
813,0,0,2,8,4,7,5,3,5,7,1,0,2,3,7,5,6,0,3,9,5,1,7,0,9,9,8,4,8,6,0
814,3,8,1,2,8,5,2,1,2,5,3,5,6,5,4,1,5,1,8,5,4,2,2,0,5,4,3,9,4,7,0
815,6,8,4,6,7,1,3,5,9,1,0,1,2,6,2,2,2,1,7,6,2,7,9,2,4,4,4,8,5,9,0
816,1,2,5,0,5,9,1,0,4,5,3,3,1,1,9,8,4,3,4,3,0,6,6,2,7,6,2,7,0,1,0
817,4,1,9,5,0,5,0,3,8,1,6,3,5,9,1,9,3,9,7,3,7,8,6,9,9,0,1,5,5,5,0
818,0,5,8,5,8,0,1,2,9,2,1,4,7,5,8,1,2,7,6,2,9,9,5,1,5,8,6,4,7,8,0
819,2,9,5,2,0,3,2,5,7,2,4,7,4,3,1,3,4,3,5,0,5,6,8,4,7,4,8,7,1,8,0
820,7,4,0,3,2,9,5,2,8,3,8,0,1,3,5,5,2,3,2,7,8,7,6,6,3,0,5,5,6,4,0
821,5,5,4,8,1,3,5,2,5,5,8,4,7,1,9,5,9,1,1,4,6,5,8,8,4,0,1,7,6,0,0
822,5,5,5,9,6,8,7,1,4,0,3,9,7,9,3,5,0,4,8,7,7,7,9,0,7,5,0,8,3,3,0
823,5,4,6,0,1,2,9,8,9,6,1,7,4,5,2,1,9,3,1,9,1,9,5,5,2,4,5,4,7,8,0
824,9,8,1,8,5,3,7,5,7,7,4,1,4,0,8,5,5,3,8,8,5,7,9,5,0,1,8,6,4,1,0
825,0,8,4,6,5,3,3,9,6,2,5,6,4,1,6,6,5,8,1,4,6,3,7,5,1,5,1,3,2,5,0
826,7,2,3,6,3,5,6,5,3,9,9,4,7,9,6,8,8,9,9,1,2,0,9,9,1,8,5,0,9,6,0
827,4,3,9,1,5,0,9,9,7,1,7,9,2,4,8,0,2,8,5,0,7,8,6,5,1,0,9,9,3,4,0
828,2,9,0,7,0,7,4,7,3,3,4,1,5,9,4,4,9,8,1,0,2,7,8,8,4,8,1,3,5,2,0
829,5,1,5,3,4,2,7,2,3,7,9,1,2,7,9,9,4,6,7,8,2,7,1,9,5,0,5,2,8,8,0
830,1,5,3,4,3,9,1,2,0,0,7,3,7,6,2,9,3,8,7,9,2,7,6,1,6,7,6,4,6,1,0
831,1,1,6,3,7,8,1,9,9,9,2,8,4,9,4,2,9,9,3,9,9,2,3,4,2,8,3,1,3,1,0
832,1,0,4,8,2,5,1,1,9,0,6,0,4,6,0,0,4,7,3,8,1,8,3,4,6,2,0,6,5,3,0
833,3,8,9,0,9,4,6,1,5,8,7,7,4,2,8,0,1,4,9,1,4,9,0,8,8,5,3,4,9,5,0
834,6,4,9,1,8,6,0,1,7,7,3,0,6,9,2,6,4,2,1,4,7,6,7,7,8,1,4,6,7,3,0
835,3,9,2,6,3,1,2,8,0,5,1,0,5,5,6,4,9,0,5,0,8,4,0,5,6,8,3,7,3,6,0
836,9,2,8,7,1,4,2,0,1,9,8,5,0,7,2,8,9,3,1,8,8,3,1,3,8,1,2,0,4,0,0
837,5,0,9,0,4,3,3,3,6,1,5,2,0,6,7,5,8,6,4,8,0,3,3,7,1,0,6,8,7,9,0
838,5,2,5,7,4,2,0,9,0,9,2,4,5,1,8,1,4,5,7,5,8,3,3,8,7,2,9,0,6,1,0
839,3,4,7,7,3,3,9,9,3,4,4,6,6,6,5,1,1,4,8,7,4,7,1,6,2,2,4,4,1,0,0
840,2,3,6,6,9,9,5,2,0,3,2,8,3,1,0,8,5,5,7,5,6,6,6,1,9,8,8,3,6,0,0
841,8,7,0,6,4,0,8,4,3,5,0,8,7,2,8,1,7,0,7,6,3,3,5,1,7,0,6,2,9,6,0
842,2,6,7,0,4,6,0,4,2,2,7,2,0,2,0,5,4,7,9,8,7,2,6,2,7,7,7,4,8,6,0
843,9,9,1,9,4,3,7,7,6,8,2,9,7,0,2,5,0,6,5,8,4,0,7,2,0,3,7,1,5,9,0
844,9,7,3,6,7,3,5,8,4,1,1,0,0,7,3,5,4,5,4,1,2,6,4,4,7,5,4,1,8,1,0
845,1,0,0,0,3,7,3,5,6,8,3,2,9,3,4,2,3,1,9,7,8,4,2,2,5,8,7,8,8,6,0
846,4,2,8,8,7,1,7,4,4,5,6,9,3,6,6,8,2,5,7,9,6,8,1,5,9,9,1,2,1,9,0
847,4,2,1,8,0,1,5,0,2,1,2,7,8,5,8,4,9,5,2,2,4,1,7,6,8,3,7,5,0,2,0
848,7,7,8,5,1,7,0,7,5,2,6,9,9,4,8,2,0,5,7,6,8,0,8,5,5,1,8,6,9,0,0
849,0,3,5,3,2,6,3,2,8,8,1,6,3,8,1,0,3,8,4,0,8,7,0,5,9,3,6,8,4,7,0
850,5,3,2,0,8,8,8,4,9,3,5,6,8,1,5,0,0,6,0,3,5,3,5,1,5,2,5,0,1,6,0
851,6,5,8,0,6,4,2,7,1,1,6,6,7,5,9,4,9,5,8,0,4,6,2,2,9,6,2,4,3,9,0
852,9,1,3,3,7,3,9,7,6,7,9,6,7,1,6,3,7,0,3,3,0,3,7,1,5,6,8,4,2,0,0
853,2,8,2,9,5,8,2,7,2,6,7,6,5,8,4,5,6,3,7,0,9,5,0,1,6,7,1,4,6,2,0
854,6,0,5,8,0,5,4,8,4,2,0,0,8,6,3,4,5,9,6,8,8,0,4,9,8,9,5,5,9,6,0
855,6,4,2,8,3,1,0,3,2,1,2,7,4,8,3,6,4,6,5,1,1,4,1,6,4,0,3,4,7,9,0
856,4,4,0,4,4,3,0,7,8,0,6,0,6,3,1,1,5,5,2,0,9,8,2,0,9,0,4,0,0,8,0
857,8,9,1,0,4,6,1,8,6,3,3,9,7,8,8,6,6,1,3,4,9,7,4,8,9,1,8,0,4,5,0
858,0,2,2,2,3,3,4,1,6,1,0,1,5,0,5,0,9,9,0,5,5,7,3,1,6,4,1,3,3,2,0
859,0,9,0,5,6,0,4,5,0,3,1,8,5,0,5,1,8,6,5,9,6,7,0,0,9,8,2,4,1,6,0
860,0,0,8,5,3,6,3,7,9,8,4,6,2,7,9,6,2,3,2,4,9,0,7,2,1,7,8,5,0,8,0
861,8,0,4,2,3,1,9,1,4,6,2,9,2,2,2,8,8,8,5,4,1,5,0,5,7,7,1,2,4,5,0
862,8,6,6,5,6,5,1,8,0,4,7,0,2,8,2,0,6,6,7,8,0,7,1,2,7,4,9,2,3,4,0
863,5,0,0,6,6,3,6,8,3,1,0,8,7,3,0,9,9,4,7,1,3,4,5,6,5,7,7,8,1,9,0
864,4,1,4,4,7,9,5,5,2,2,1,1,3,8,2,9,3,8,5,0,2,2,0,2,6,5,7,7,6,0,0
865,4,9,4,4,7,0,2,1,5,9,8,4,7,2,3,8,9,5,3,2,8,0,0,7,9,9,6,9,2,6,0
866,5,9,9,6,1,9,9,3,7,7,8,0,1,0,9,4,3,2,6,9,7,6,1,7,2,1,4,2,1,5,0
867,6,0,7,1,6,3,3,0,8,7,2,3,2,7,6,6,8,7,8,2,7,8,0,7,1,6,0,3,5,8,0
868,0,3,7,6,0,2,5,5,3,6,7,9,7,0,2,9,7,1,1,4,1,1,9,1,6,3,0,4,2,9,0
869,0,5,2,2,9,3,9,2,5,1,7,6,1,6,3,0,9,9,4,1,0,3,8,8,4,5,8,6,2,3,0
870,6,9,1,8,0,4,7,9,1,1,0,4,4,7,0,2,2,7,6,0,1,7,7,1,4,4,6,4,6,8,0
871,4,4,3,3,7,0,4,1,2,8,5,1,4,4,5,8,7,7,3,5,8,0,0,3,2,8,3,7,5,4,0
872,4,2,4,6,9,9,7,9,1,9,3,0,7,2,2,6,1,2,2,1,3,0,2,9,2,7,1,5,9,3,0
873,2,1,4,2,8,6,5,0,2,5,8,3,9,9,5,8,8,2,3,5,9,9,8,0,1,5,2,3,2,5,0
874,9,1,3,2,7,1,6,8,0,9,2,9,8,3,4,5,6,9,7,8,5,2,4,6,4,9,5,5,8,1,0
875,5,4,5,8,8,6,3,0,0,1,2,4,2,4,1,1,8,4,3,5,7,5,2,0,8,0,6,6,1,3,0
876,1,6,4,3,5,0,1,4,9,7,8,1,3,8,4,2,6,7,5,8,3,5,5,6,2,2,5,6,1,9,0
877,5,8,4,6,8,3,6,3,8,8,0,9,1,7,5,6,2,1,1,7,4,6,4,7,7,6,7,1,9,3,0
878,0,8,1,3,9,0,2,2,0,2,0,0,2,8,1,0,5,2,2,3,5,0,4,6,3,5,1,8,9,9,0
879,5,4,6,2,6,3,4,3,8,7,0,7,3,2,3,0,8,8,0,6,0,9,2,9,7,0,5,4,3,9,0
880,2,7,5,2,5,4,1,6,2,0,7,8,5,3,4,3,2,5,9,8,7,1,1,4,3,2,6,9,0,0,0
881,4,9,9,6,9,1,8,0,3,9,1,8,9,4,2,5,0,6,1,9,8,3,4,1,4,2,2,2,1,6,0
882,7,4,1,9,1,4,3,4,0,7,3,3,3,4,6,4,4,1,1,1,8,7,9,6,7,1,7,8,0,6,0
883,9,5,1,1,9,8,1,7,4,3,6,1,7,4,8,9,1,1,3,7,9,7,1,9,6,6,0,7,7,0,0
884,9,2,1,8,7,7,3,6,9,6,6,9,2,0,4,3,4,3,1,5,9,3,3,1,6,5,8,1,6,6,0
885,2,3,9,9,0,6,3,9,6,6,2,3,4,1,7,2,2,3,9,3,7,5,2,2,6,8,5,8,5,5,0
886,9,5,1,3,2,9,0,9,0,4,5,3,5,6,6,3,3,1,9,7,6,6,9,9,9,0,7,1,2,4,0
887,4,5,0,1,9,8,5,3,6,2,8,4,4,5,0,9,3,5,0,0,9,8,0,7,7,6,0,7,1,9,0
888,7,0,4,9,4,9,9,8,6,3,3,2,3,1,7,8,8,5,8,5,4,1,7,2,1,0,8,1,9,4,0
889,7,6,9,8,6,2,1,9,1,9,3,0,4,2,4,1,0,7,3,2,7,5,1,3,4,4,1,7,3,4,0
890,4,2,3,5,1,1,1,6,6,5,3,2,3,8,2,7,5,5,8,3,8,0,4,1,8,9,8,2,1,7,0
891,4,7,8,0,0,9,6,8,3,8,9,9,5,8,9,0,2,5,3,7,3,2,9,5,2,2,1,7,5,2,0
892,1,4,5,6,3,1,7,7,2,0,5,1,4,9,9,1,5,7,1,6,3,7,3,0,2,9,3,9,8,0,0
893,0,5,5,8,1,8,8,3,5,3,3,9,1,1,3,8,9,5,0,1,7,5,7,4,4,2,9,1,8,3,0
894,1,4,5,2,1,2,6,7,1,1,5,3,0,6,9,5,5,8,6,4,3,0,8,5,9,7,0,6,2,1,0
895,6,4,3,1,5,0,1,7,9,5,1,3,6,6,0,5,8,3,1,0,2,0,6,0,2,0,0,6,2,1,0
896,7,5,1,1,6,4,4,3,1,4,7,7,8,4,0,2,2,3,5,9,5,6,7,0,4,0,3,1,4,9,0
897,0,8,8,7,6,5,5,6,9,5,8,9,5,7,1,8,9,0,7,1,7,3,3,2,6,3,1,0,3,0,0
898,5,1,8,3,4,8,8,1,2,3,0,2,7,8,6,1,6,9,1,1,3,8,0,9,2,8,4,5,7,5,0
899,1,2,0,4,9,1,2,6,4,5,3,3,5,3,2,8,5,6,8,6,7,1,4,5,6,1,3,9,2,5,0
900,3,5,2,1,9,8,4,2,6,1,2,4,8,7,2,8,9,3,4,7,9,6,9,9,7,2,5,7,0,5,0
901,0,5,0,2,2,0,7,5,6,9,9,0,6,0,4,2,5,8,1,8,7,7,0,0,5,8,0,7,8,9,0
902,0,4,3,7,8,3,2,6,7,2,8,8,1,6,8,9,1,5,2,4,8,6,0,6,2,1,4,7,7,4,0
903,0,5,9,9,8,5,3,3,1,4,0,2,9,7,1,8,3,8,9,7,6,6,4,9,5,2,0,0,4,6,0
904,9,3,3,3,4,2,7,7,4,3,3,1,2,9,4,4,1,6,7,9,6,1,6,7,6,3,8,6,2,4,0
905,6,6,2,5,1,6,6,4,6,8,9,3,3,4,4,9,6,5,4,8,6,9,8,5,7,8,9,7,0,1,0
906,0,9,1,1,3,3,7,3,7,1,0,6,8,5,2,6,1,3,4,7,1,0,8,5,0,8,8,5,2,2,0
907,0,9,8,4,7,9,7,2,9,3,3,6,6,1,4,0,7,4,2,4,4,4,8,2,9,3,1,2,5,8,0
908,5,9,8,1,8,7,8,1,2,6,0,6,6,6,0,1,4,4,4,9,9,0,4,1,9,3,7,0,0,7,0
909,4,3,6,3,8,0,6,1,3,5,6,8,6,3,6,2,5,7,9,2,8,3,8,5,4,8,6,2,8,5,0
910,5,3,5,1,2,7,0,8,6,1,8,6,7,4,8,0,8,8,3,5,6,9,2,9,1,7,2,1,4,8,0
911,7,1,6,0,5,3,7,3,4,3,6,1,9,8,3,2,9,8,2,6,4,9,3,3,7,1,2,6,1,7,0
912,0,0,1,7,4,8,3,6,4,6,9,8,9,4,3,7,1,4,1,3,0,1,7,1,8,0,3,5,7,2,0
913,0,0,1,2,8,0,6,4,4,8,6,8,8,9,0,9,8,0,4,6,3,4,5,3,4,6,3,4,3,7,0
914,5,5,1,6,6,9,6,5,4,8,3,6,2,6,3,7,9,8,6,9,5,3,7,0,0,5,2,4,7,7,0
915,1,5,8,4,9,9,3,1,7,3,5,5,3,6,6,7,8,1,2,8,2,1,8,2,1,4,1,1,3,0,0
916,8,3,5,1,5,4,3,9,7,1,3,2,3,8,2,9,3,4,4,3,2,8,2,9,3,9,5,0,6,2,0
917,8,9,8,6,3,5,4,8,4,3,3,3,8,7,2,9,9,8,2,2,8,7,3,0,7,1,9,4,6,8,0
918,0,5,1,2,0,4,2,4,9,6,6,8,5,5,4,2,8,1,4,6,3,6,6,9,9,9,0,3,2,3,0
919,0,6,5,5,3,4,4,9,3,7,7,7,2,6,9,1,1,7,1,0,8,8,7,5,1,4,0,4,8,4,0
920,0,9,7,8,1,4,5,3,6,2,0,4,7,8,2,8,8,6,2,1,9,8,9,3,1,8,0,6,3,7,0
921,1,3,3,3,2,2,1,4,3,0,0,8,0,0,6,5,2,2,9,1,4,0,6,7,4,3,1,0,8,1,0
922,3,7,6,1,3,7,5,6,5,6,4,7,5,1,6,5,1,8,3,9,8,6,2,9,5,4,9,0,7,0,0
923,9,3,0,7,8,0,1,8,1,1,3,6,3,5,0,7,1,9,5,2,7,5,5,3,1,7,4,1,9,1,0
924,4,8,3,9,0,3,4,7,2,4,1,6,7,5,1,3,3,7,7,1,8,8,9,0,6,7,3,3,2,5,0
925,6,4,2,1,1,6,3,1,2,9,6,0,1,6,3,2,8,4,3,7,9,0,2,1,9,3,4,5,8,4,0
926,7,6,1,8,3,9,6,3,0,9,0,1,2,4,7,3,8,7,5,9,9,3,7,8,9,3,5,4,9,7,0
927,1,7,7,1,9,7,9,5,1,9,5,0,9,3,4,0,3,5,7,3,7,1,8,6,7,4,1,4,9,1,0
928,6,6,5,1,3,4,0,3,2,9,0,0,1,0,6,3,9,6,9,7,3,6,1,6,6,8,4,7,9,9,0
929,6,6,2,7,2,9,7,2,3,5,6,9,7,7,0,2,4,7,2,5,8,9,9,1,8,7,9,7,4,5,0
930,7,4,5,0,7,1,0,1,4,3,5,8,9,5,7,5,2,1,0,0,0,8,8,9,9,8,6,1,5,5,0
931,8,6,3,3,4,0,9,6,4,6,5,7,3,6,5,9,4,9,1,0,0,5,3,0,7,5,8,2,5,4,0
932,4,5,4,5,2,1,9,0,9,5,3,9,6,4,6,6,6,1,7,1,6,6,3,3,0,6,5,4,8,6,0
933,1,4,5,7,5,5,7,9,0,6,2,8,4,5,7,9,5,3,5,9,8,0,5,1,5,1,4,5,9,3,0
934,5,9,2,9,9,9,4,4,9,4,3,4,9,6,4,1,1,4,5,1,0,2,6,3,2,0,0,1,6,3,0
935,0,5,2,1,6,8,6,2,1,0,2,5,2,2,1,2,7,2,3,1,6,2,2,9,7,4,2,2,7,4,0
936,7,3,6,5,0,6,2,7,8,6,5,8,8,8,6,9,0,0,3,8,4,6,9,0,1,7,3,8,6,9,0
937,8,7,7,0,0,8,6,5,3,0,7,4,0,5,1,1,6,4,5,0,6,6,2,0,6,3,1,5,5,7,0
938,2,8,4,4,8,3,9,7,6,5,6,7,0,5,3,9,6,3,0,7,9,1,9,2,3,8,2,8,2,8,0
939,9,0,9,3,1,0,0,0,4,9,8,1,4,3,4,9,4,0,7,1,5,5,6,3,3,7,7,0,5,2,0
940,3,2,0,6,1,1,4,8,2,9,0,0,1,5,0,0,4,2,6,0,1,7,1,8,5,9,2,2,8,6,0
941,7,6,7,7,3,1,8,2,7,2,1,6,6,5,2,2,0,9,2,2,5,6,3,6,5,5,0,7,6,7,0
942,1,3,5,2,0,2,6,1,5,2,8,2,5,0,3,2,5,9,9,6,1,4,0,2,7,2,8,4,0,2,0
943,6,2,3,6,1,7,9,2,5,6,0,5,6,7,6,1,2,3,2,3,1,9,3,5,4,8,8,1,5,8,0
944,3,6,4,9,1,1,4,1,2,6,1,9,4,6,2,0,7,0,3,6,6,1,3,0,7,8,0,5,0,4,0
945,7,3,7,4,7,8,0,9,8,2,3,7,3,5,5,7,2,1,1,7,0,2,9,5,2,1,6,9,3,0,0
946,3,4,8,9,0,1,4,3,6,3,0,3,2,7,6,3,0,0,8,8,1,0,8,8,3,4,8,3,2,6,0
947,6,1,4,1,5,2,0,4,6,7,0,9,8,2,4,8,2,7,4,4,8,2,5,2,1,4,4,3,4,8,0
948,4,0,0,9,5,6,5,7,5,4,1,3,1,2,4,4,8,8,6,6,7,8,9,7,6,4,5,5,4,0,0
949,6,2,2,1,3,5,7,7,8,8,1,1,5,0,3,8,6,9,0,9,6,5,2,4,9,2,7,4,3,8,0
950,7,1,1,8,5,4,2,7,7,3,9,2,7,8,8,5,1,6,4,1,0,0,0,7,9,1,0,0,1,1,0
951,9,8,8,2,3,6,9,7,6,9,4,7,1,1,6,2,6,7,7,1,2,7,0,5,1,0,2,8,2,4,0
952,0,7,2,7,3,2,4,3,1,4,4,7,2,5,8,3,2,7,7,3,1,3,6,2,6,5,2,6,9,2,0
953,5,5,9,9,7,9,0,9,0,3,7,6,6,1,0,8,9,9,3,4,3,5,4,2,7,8,5,3,2,3,0
954,2,9,3,5,1,3,2,8,7,2,9,2,5,2,3,1,8,0,3,3,4,4,4,8,3,9,7,3,9,5,0
955,8,2,8,2,3,6,2,4,0,2,7,8,6,9,7,6,0,9,9,1,9,5,0,4,8,7,1,6,2,6,0
956,2,3,9,2,5,3,2,7,4,3,3,9,5,2,1,5,0,8,1,2,3,7,8,2,6,0,1,6,7,4,0
957,3,8,3,0,3,0,7,2,3,4,7,8,7,5,7,1,1,0,0,3,8,2,1,3,6,6,8,4,4,7,0
958,5,7,6,1,3,1,5,1,0,9,5,3,7,3,3,2,5,8,2,0,6,8,1,3,9,1,2,3,0,4,0
959,7,7,2,8,9,0,2,6,7,5,0,8,7,4,8,7,2,4,5,4,6,4,7,1,5,4,4,4,9,2,0
960,0,0,3,3,8,8,4,5,4,2,9,2,5,8,8,3,4,9,9,8,9,0,5,4,3,1,6,5,1,6,0
961,8,3,1,8,2,1,5,9,2,8,3,1,5,4,9,6,5,2,3,1,9,9,4,2,9,7,4,6,1,7,0
962,1,5,7,5,8,2,7,3,7,8,2,1,6,2,7,0,0,5,8,3,4,2,5,0,3,7,2,9,7,3,0
963,0,0,3,4,2,6,9,3,5,5,9,4,1,7,2,4,6,4,3,5,9,3,0,8,1,7,9,3,5,7,0
964,4,3,7,6,4,7,6,6,2,7,0,7,2,2,2,5,6,0,7,0,6,2,1,1,7,4,1,6,0,0,0
965,3,7,7,9,9,4,0,2,3,6,4,2,2,9,3,0,5,6,2,0,3,2,9,2,4,3,5,5,9,5,0
966,9,6,0,6,6,0,9,9,8,0,4,7,9,4,8,4,8,1,4,9,6,0,1,0,7,9,1,7,5,5,0
967,6,0,2,5,3,0,1,9,3,9,9,3,5,7,9,5,0,1,1,0,8,4,7,9,5,1,1,7,5,2,0
968,1,8,9,0,4,6,1,6,9,3,6,6,2,4,0,5,5,1,1,8,2,2,8,6,9,7,5,8,3,3,0
969,5,5,7,4,0,7,1,6,9,9,4,4,2,0,9,4,0,9,4,7,1,1,9,7,6,6,4,7,2,3,0
970,1,2,7,3,5,3,9,5,1,4,7,7,8,2,1,0,3,6,6,2,8,8,1,7,9,3,4,8,1,0,0
971,4,5,2,9,8,3,1,3,9,5,1,6,7,5,2,3,0,7,6,7,4,0,9,8,5,7,4,6,7,6,0
972,1,7,0,1,5,1,6,9,1,2,7,2,6,7,4,1,3,5,2,4,0,9,1,0,6,4,9,1,5,5,0
973,1,9,0,4,7,7,5,9,4,5,6,5,9,9,7,4,0,1,9,6,3,3,5,8,3,4,4,2,1,3,0
974,1,0,2,3,1,7,1,4,1,9,5,6,6,7,3,7,0,8,4,9,4,2,8,2,7,4,9,8,6,6,0
975,6,9,8,8,6,0,7,0,9,4,9,0,5,5,1,2,6,3,7,4,3,3,0,5,8,8,1,2,6,7,0
976,8,2,5,8,5,3,9,5,2,1,8,4,2,8,6,2,1,1,0,0,2,8,8,1,2,1,9,3,9,9,0
977,1,1,2,0,1,0,3,6,6,0,7,9,8,3,5,1,3,2,0,8,7,3,6,6,9,4,1,6,4,8,0
978,1,7,3,6,2,4,3,8,4,6,1,0,1,9,2,0,9,9,1,3,6,3,0,2,6,4,0,3,0,9,0
979,8,7,5,8,3,3,4,7,8,7,9,3,4,1,5,4,6,4,9,5,7,4,2,0,9,3,6,8,5,6,0
980,7,1,7,0,3,1,0,6,5,7,0,9,3,1,1,8,5,3,2,8,5,0,6,7,8,8,6,3,0,9,0
981,0,6,5,0,1,6,6,9,0,4,6,6,0,9,1,9,3,5,9,5,8,7,1,7,7,3,1,8,9,2,0
982,8,9,5,3,4,1,7,7,7,3,9,6,3,8,4,3,7,8,5,1,6,8,5,1,7,6,7,2,7,0,0
983,2,5,6,2,2,3,8,7,7,0,8,3,9,2,4,0,1,0,2,1,5,5,8,7,1,6,0,3,6,8,0
984,5,4,8,0,4,9,0,4,0,8,9,3,7,1,4,3,4,3,6,4,5,6,3,7,4,2,2,4,6,3,0
985,6,1,0,8,1,3,6,8,9,7,9,2,5,5,1,1,1,6,5,6,8,8,6,7,9,4,3,0,0,8,0
986,5,4,6,9,2,8,4,6,2,0,1,5,2,3,9,8,5,5,9,2,6,2,8,8,3,9,7,6,0,4,0
987,7,5,0,2,2,8,2,6,3,1,9,3,8,3,0,9,4,4,9,6,1,3,1,1,4,2,8,5,6,6,0
988,3,6,7,3,6,8,1,3,7,7,5,4,4,8,6,4,3,9,7,1,5,1,1,5,0,1,3,5,8,9,0
989,9,0,2,3,2,7,6,8,4,6,1,3,3,8,4,6,2,2,6,2,3,5,7,4,7,4,3,5,7,5,0
990,0,8,1,1,4,8,8,1,8,7,2,2,9,3,3,5,5,9,7,1,9,9,4,6,4,3,6,0,4,7,0
991,9,3,4,9,0,0,6,9,4,7,9,2,5,8,9,7,6,0,3,1,6,3,4,3,9,6,4,5,7,4,0
992,1,6,3,6,3,1,3,5,1,2,1,1,5,2,1,6,6,2,5,9,4,5,8,0,6,7,6,3,3,3,0
993,8,7,3,1,1,7,6,3,1,7,2,4,4,3,9,3,3,5,7,8,6,0,4,7,2,8,5,7,9,1,0
994,7,3,5,2,3,4,7,3,8,6,1,2,4,6,6,9,8,3,8,5,2,2,6,9,6,5,2,3,1,3,0
995,9,8,4,8,3,8,7,5,2,0,1,9,2,1,0,6,2,5,9,0,1,1,1,1,6,1,4,8,8,8,0
996,5,0,9,0,1,5,2,3,3,9,8,3,8,2,6,1,6,7,3,7,6,1,2,8,1,0,4,5,8,8,0
997,6,6,3,4,9,4,5,5,9,1,8,5,4,9,9,3,6,4,4,6,4,3,2,8,0,6,2,1,2,2,0
998,1,5,1,0,3,7,1,3,6,5,5,7,7,0,9,5,6,8,2,1,9,9,1,6,6,4,5,4,5,2,0
999,9,6,4,5,1,4,1,7,7,6,7,2,1,1,5,9,9,0,7,8,5,7,5,7,0,2,5,4,2,6,0
